"X1","X2","X3","X4","X5","X6","X7","X8","X9","X10","X11","X12","X13","X14","X15","X16","X17","X18","X19","X20","X21","X22","X23","X24","X25","X26","X27","X28","X29","X30","X31","X32","X33","X34","X35","X36","X37","X38","X39","X40","X41","X42","X43","X44","X45","X46","X47","X48","X49","X50","X51","X52","X53","X54","X55","X56","X57","X58","X59","X60","X61","X62","X63","X64","X65","X66","X67","X68","X69","X70","X71","X72","X73","X74","X75","X76","X77","X78","X79","X80","X81","X82","X83","X84","X85","X86","X87","X88","X89","X90","X91","X92","X93","X94","X95","X96","X97","X98","X99","X100","index","actual","forecast_vals"
2.11071326017924,0.308857156946478,1.06920452996898,0,2.04186229640163,0,0.322618630338637,0.0492768805459285,0.0326407124478658,0,0.767720724556966,0.720093830941637,1.7773982536207,0,0.667630306860158,0,0.933353686236403,0.752853363170232,0,0.378304178817319,0,0,0.905269901427529,0,0,1.1137789461577,0,0,0,3.7297724108673,2.53139935858288,0,1.53003758029644,0,0.675204461124943,0,0,1.12456639072948,0.258202181424918,0,0.150708075691019,0.593601009685268,2.63892136975633,0,0,0,0,0.469059426105091,0,0.987767157744818,0.693269368341536,0.9435919735984,0.633862152585491,0,0,0,0,0.582796278599872,0,0,0,2.0823428325744,0,0.115515060266147,0,0.0316698882104554,3.60796887669321,0.710243788758462,0,1.17871929304361,0,0,0,0.70924735534128,0,0,0,0,0.37973398447631,1.73559619681273,0.82431971773107,0,2.05867787521953,1.80223110718621,0,0,0,0,0,0,0.76168508034864,0,0.620657272871452,0,0.552248790901307,1.25939815195548,0,0.223054320539009,0.0636245445012591,0.159414043835882,1,2.5e-09,0.250298364530066
1.5101422477174,2.32279316851697,0.0469626771570866,0,2.86829118256219,1.15580966154093,2.06335416680018,0.570134898428473,0.372427002858423,0,1.18741648119529,1.09079694833679,1.40103487892468,0,2.30385297754914,0,1.79570185313397,0.201647158991933,1.98888400070133,0.1542291562683,0.945532180424002,0,3.41637380126984,0,0,2.28187028100119,0,0,1.02221294717529,3.63799108191313,4.12483975697158,0,1.98994081675171,0,0.610278837380411,0,0,0,0.411447038357983,0.761694895179654,0,1.66029589121537,2.67036821420474,0,0.129912025478259,0,0.893108270413774,2.03928168939884,0,1.34560625412734,1.87609827706208,0.613117043087534,2.21914941235899,1.11799605049579,0,0,0,0,0,0,0,2.51136833336603,0,0.18179076106763,0.116778094391458,0,3.85988880749322,1.62124459994856,0,0.937820082152762,0,1.84094157534786,1.12000200364389,0.83108940955014,0,0,0,3.0997401332384,0,3.40979050255233,2.30053156865003,0,2.84377644618029,2.12952857659507,0,0,0,0,1.0797414796124,0,3.92775764941714,0,0,0,1.97609047311366,1.89656016216497,0.453320289006726,0.138503070240547,0.770971733979951,1.50736396297853,2,2.5e-09,0.532144305460929
3.96426474244183,3.43041233227189,0.303271271677258,0,3.50606754803372,2.54916761875415,3.14829449268792,2.58970447191583,0.648801241311997,0.285274063226965,1.38114377801374,2.63420180198891,4.02068915552371,2.80522627034135,3.50123110821148,0.733649599467143,2.39749065925604,0.909431457918915,5.46048569540302,2.41327595028602,2.58915331326244,0,7.6280164485077,0,0,1.70607335980458,0.603864870727347,0.423331202812453,0,3.06163005566505,5.94330077439553,0,4.02783099314244,0,0.809142866249974,0,0.782252540104313,0,1.01743829734707,0.971823667380478,0.517649038622864,3.19036879466435,2.3844042226007,0,0.302793536805965,0,2.52685773720619,3.4202331406466,0,0,2.57423360220865,1.05261835749918,5.93795644270147,2.55278105042954,1.61832983234046,0,0.369652627738787,0,1.67538995514872,0.0948117136262825,0,1.52532161609669,0,1.05508690196723,1.5411376186128,0,4.89535729240123,3.8602205253629,0,1.67447266677865,0.375086432232359,2.00838938138685,2.18614964010573,2.45494646881442,0.186678010240391,0,1.06769014467394,6.03896329187781,0,3.3160922597292,2.44438874520024,0,2.30561125618049,3.16952113702177,1.25331390193797,0,0.175796686438972,0,1.27677490539802,0,5.11206184542914,0,1.49401690352092,0,2.26698510732527,2.13746786971257,0,0,1.5776857571952,1.59051651468134,3,2.5e-09,1.34985218014888
5.31760189828786,2.34372490803217,0,0,0.308460298553003,2.26583009516306,0.709872175655351,3.25682418366257,0,0,0,0.507716601679468,1.42082978589787,3.6517286494607,0.531714432531569,0,1.28269426634986,0.429984313204456,4.31022829525284,1.43474259195409,1.24891133951725,0,6.24445245146779,0,0,0.39474694888573,0,0.208754293961153,0,0.530688739704172,4.60213886592623,0,3.97164233881712,0,0.47082864304989,0,0.685736203368914,0,2.73069572000952,0,1.27228845213369,2.40176162396605,0,0,0,0,0,4.42149719399263,0,0,1.26029213297169,0.446993849800601,5.70284893720223,1.01406898959782,0.519504379822468,0,0.373187485200971,0,3.14518383136906,0.095371712163101,0,0,0.104621182248888,0.00733877827129081,0.669279966564537,0.573173652298062,0.993692334464607,3.30807426430638,0.0450655727636589,2.96933899692721,0,1.65422165557374,0.238771915271505,1.7197613529655,0.0054902153647669,0.0681386229535148,0.0901418605540334,4.74070323395701,0.375913434011239,0,0.478044295438552,0,0,3.38182249243115,2.3853020489822,0,0.0632585575358178,0,2.21127249833351,0,3.25233531661631,1.37510861074805,1.82771471029264,0,4.08404310626306,0.895379435869436,0,0,0,0.970163715546002,4,2.5e-09,0.478943836533904
6.31152774727956,3.0923972263513,0.982313499708709,0,0,1.60183425811279,0.407984113835803,1.20463699467013,0,0,0,0.931933546613316,0,2.7853746537579,0.419209048018512,0,0.537812282318784,1.91632206396765,2.6064637833503,0,0,0,3.80230577298756,0,0,1.93794587060234,0,0.721504883066681,0.820191321423032,1.09117024609806,3.76331956894061,0,3.72019790252518,0,0.668476616076746,0,2.29378900319002,0,3.14257491588328,0,0,1.73089955119406,0.853923645386065,0,0,0,0.733661179280515,4.52630670062463,0,0,2.23210549113968,1.85399878480522,6.00233647033494,0,0,0,0,0,2.13594014468294,0,0,0,0,0.555015058461558,0,1.46805988301808,0.694158119226081,3.80884220687503,1.06046831825798,1.99443152961952,0,0.110381103342722,0.12384929356335,1.00465936078611,1.57415112883176,0,0,4.21557480311332,2.45513319526905,0,0.167472817999165,0,0,1.45299038211211,0.917910606816982,0,1.47867711547518,0,2.31029062905726,0,0,0.740725780299994,2.20781234791283,0,2.88261337628881,1.48992489905998,0,0,0,0,5,2.5e-09,0.144040788043198
3.94915295309264,0.943554436390588,1.00167076088013,0,0,0,0.784228432994396,0,0.236158348010442,0,0,0.0109166249364803,0,1.54697779053447,0,0,0,1.03682683441892,2.71744686962012,0,0,0,2.11816169521071,0,0,2.04776937120953,0,2.36152758772165,2.50728168108617,0.65528281166928,2.71987801821415,0,2.22579028053446,0,0,0,0.590175621918158,0,3.77879708724245,0.0363770182362657,0,0.695194155831643,2.32568995220711,0,0,0,1.52994964095561,3.23235346946864,0,0,1.46738679393146,1.74874673275813,5.82125242526273,0,0,0,0,0,0,0.0510179851815451,0,0,0,2.30254298626353,0.730506381636397,0.223041679018386,0.236777671847683,5.40975338461186,0.479488237116456,0.652527417406282,0,0,0.783919673199877,0,3.38256396218451,0,0.981528837921688,1.94986549351412,2.63491904474719,0,0,0,0,0,0,0.619996462434423,0,0,0.749727766202514,0,0,0,3.13661582708598,0,0.988023598782992,2.73798938224715,1.28745989513043,0,0.664760254282317,1.26244932505784,6,2.5e-09,0
2.13747915892131,0.140231782587325,0,0,0,0,0.400878512112535,0,1.26155624320328,0,0,0,0,0.785313439589753,0,0,0,1.62006814927063,2.379273828476,0.69383670815119,0,0,0.477341857191317,0.439870516702125,0,2.89773411334504,0,4.34955007021758,0.679987714808903,0.262072314866186,0,0,3.75748531783965,0,0,0,0,0,2.47076094458227,0.83005115423942,0,0.271239537826138,2.87605752592981,0,0,0,2.46933050470199,2.84318933289793,0,0,0.189868605535575,0.814199425708639,5.0484261972887,0,0,0,0,0,0,0,0,0,0,1.72879838938662,0.854825461987233,0,0,4.02290673079081,1.0904833896808,0,0,0,0.80810490612434,0,1.65511481810093,0,2.14034106610364,1.20940290880132,2.35114449979652,0,0,0,0,0,0,0,0,0,1.80097783451472,0,0,0,1.24002941832503,0,2.11654285158892,1.56514053686177,1.1441341998042,0,0,1.6020175677158,7,2.5e-09,0
1.26038256455597,0,0,0,0,0,0,0,1.89009397141701,0.613571234266348,0,0,0,1.28558304099319,0,0,0,0.978401160076551,0.335130554308856,0,0.274250473583398,0,0,0.583801660527689,0,1.98974825236635,0.707377585810218,1.47454206155082,0,0,0,0,3.28590657897222,0,0,0,0,0,0.593315298744873,0,0,0,2.99811338598158,0,0,0,2.53987505215041,1.74547647650227,0,0,1.38294153683048,0,3.93650265860797,0,0,0,0.253925936256541,0,0.712590319205073,0,0,0,0,0,0.608681304316874,0.657871408392416,0,2.45738809215409,0,0,0,0,1.04486067420323,0,0,0,2.42368376938578,1.74160482861609,2.6416102686379,0,0,0,0,0,0,0,0,0,0,0,0,0.109052620405612,0,0,1.05415077986974,0,0,0,0,0.382478567228308,8,2.5e-09,0
0,0,0,0,0,0.415621368489004,1.78164595545544,0,2.073487817252,2.38774852356288,0,2.47330441635193,0,3.21095444152015,0,0,0,2.34132527682177,0,0,1.53634376080812,0,0,0.937867390432015,0,3.69687338952225,0.524514042937642,0.92412368636345,1.6545896763118,0,0,0,2.32715711479747,0,0.957252896375329,0,0,0.359863523244083,0.474667265103496,1.6520126379126,0,0,4.66056630967544,0,0,0,2.51168449511699,0.178810033759117,0,0.515443709617366,2.35062967667506,0,3.7376921450369,0,2.0838365192851,0,4.19755431706547,0,0,0,0,0.615048152109886,0,0,2.55093206703999,2.65574401695175,0,2.01638447943324,0.598825892332552,1.31205709847267,0,0,0.714826030458392,0,0,0.919857158086712,4.38515641203075,6.35351833940504,2.98792821227144,0,1.16023170940718,3.59098909086221,0,0,0,0,0,0,0.0823987738993193,0,0,0.830064384221864,0,0,0.430308522781435,0,2.09920066492889,0,0,0.0700329582580146,9,2.5e-09,0
0,3.89250112518347,1.64981334629478,0,0,2.96555432102937,5.11365839410666,0,3.65719807315386,6.86835235545984,0,3.45618668879576,0,4.10396352405574,2.21150492186586,0,2.42482616228405,3.07237587608783,0,0,2.62259595232949,1.83749800113079,0,4.29742758047225,0,3.07204400291731,3.34077668038198,5.39276175323516,2.85455207422031,0.77752707911674,0,2.96307385772401,3.30839472376547,0,0,0.757798062208873,3.91209015454556,2.59305954657605,1.69038295807788,1.8320605000667,0.585994564323619,0,4.68840037381783,2.31207262288804,0.689001810612197,0,4.6400554943031,0,3.01586284638991,1.97265036154066,4.92292135747339,0,2.92387362057088,0,3.99246090921671,0,2.65541662821746,0.71830023402409,0.909811199221561,2.29156526607195,0,2.60309185862436,0.59110135559925,0.769583369336422,2.49220706766206,3.2720862843708,0,3.5984884615339,2.97681391339952,4.06225832468615,3.73178523425062,0,2.76195524219025,0,1.6904705512965,2.63830109438572,7.58352194331972,7.75612110242293,3.70542256514482,0,3.68580842202916,5.96037364800155,0,0,0,1.98352235888397,0.147565505749392,0,3.0217965831372,0,0.955806760543598,0,2.011740265512,1.20248569270941,0.0353772863416637,0,3.83795911218159,0,2.41169338940027,0.934017074934411,10,2.5e-09,1.77920470998297
1.99502009920547,6.26410493878793,7.11908556398011,3.7512955029963,3.24685075946,3.83430328143538,7.69117068510501,1.84144830932168,7.18735716519651,12.3376198466702,3.3667231103501,5.86980058240005,3.3466974062561,5.28781791953732,5.49798190901385,5.30351577595102,5.26706379876133,4.91502302294746,0.570539386490442,1.47836113482376,5.07297607601294,3.93415510444164,3.32494612251173,6.9991394840611,1.05528692032895,6.25626321469504,8.52370676088268,9.61237421196527,5.02631912227851,2.25473508958825,3.92474966933291,7.27530644727654,5.4345539982781,3.00694007484529,1.19770827943781,4.93522502851,8.21558082677478,5.0601384993274,5.5583277978088,5.95792288917048,4.77276832899444,4.04076452422686,5.45715878797824,6.88954579956787,4.10633420562199,5.78189672390732,5.85502147952604,2.15535900819983,4.87221548158008,6.49221625848041,8.77008030838534,2.05061241550938,5.907514700259,3.78731719002761,7.48247635431917,5.51784661761505,4.18334417278265,6.51620621771813,6.7071111617645,8.45575493857799,0.529604448140173,7.04204916623454,3.93950134154671,2.99111357957725,6.70659214647452,4.87641796078565,2.04790490199729,5.514511153729,7.34395523506409,8.84967656319801,6.06759915625069,0.622388122246135,9.61683758078144,1.22993941588124,4.34644941662179,9.04654234632988,8.56816369892727,7.37727861310155,6.9413198232109,1.33697264756926,9.08378896591017,8.54639098964718,5.24796299078166,0.731455371146029,3.47790334514981,6.62419008222315,2.41888961690958,3.60011746645332,6.99411379469596,4.26636612641881,5.41517667755629,3.06716937039789,6.85988103715789,4.41012130402727,2.06873987757007,2.77522589344241,6.87793746085007,0.249137569094533,3.11181835097064,4.97258131040556,11,5.651921,5.45833054709557
7.38375712214403,8.81147269731503,11.5162560320172,12.4875319266038,6.55944483683892,7.24480365840451,11.3578579047728,7.23392055453222,12.8605070689391,19.0295219409442,7.69849557248053,9.6374171269072,8.28900847761372,9.22684324425934,9.63986981299114,13.4105861165917,8.73483433993651,10.3254480168215,4.37308656633608,5.63770424625315,9.3073859869521,9.79403459187216,7.3095294733418,12.6548004528573,8.40316220964996,12.3546338859132,11.8845966026494,14.9204277515455,7.80812566231716,6.82760642551522,8.86500123869229,11.542241417714,12.5695596452805,11.3202478066713,7.34963040912138,11.7509018054795,12.1884185648412,9.66838369502539,11.1724867144219,11.9039723847823,10.7280016084288,10.3283198485443,9.74316639066859,10.3562156496066,8.84023037042716,11.9101889434461,7.89910135941221,8.06713684534716,9.20416700006454,11.306008010388,9.59285583376412,7.96500384745876,11.8829597082023,10.6200894969364,11.1584959274184,11.9025353751311,10.587062347486,12.1072138320771,12.1993698751296,12.8751023897562,9.13511658878189,12.1428640283009,9.26927883599457,7.96417587225076,11.2657648429604,11.7156044819091,8.97970865866948,7.63969442487056,12.7502485385739,13.7800275828497,8.24682953140728,4.56894720243188,13.7514979514664,6.88297082679904,8.50866568648724,11.8375996686373,10.2356839227509,9.78878623895302,10.6804561353912,6.66452077021153,14.2886366415685,14.8238961987637,11.0431451484705,6.09998659438334,10.7921336716468,12.0444576932696,8.25499195046458,10.1285066249339,11.4522325315356,11.8210378440473,10.5436107680282,9.09338550515662,12.0941325891708,7.99603735836899,10.0009694611358,8.01801225121799,9.58611472373643,6.03503365028512,8.20952046400182,8.01850620494934,12,9.38598,10.3876797180294
9.0532435138374,13.2253677008955,17.279625059381,18.8463216070588,10.7975027612754,11.7593200860642,13.7426569636009,12.1282152122026,16.8112373299978,22.4946275735999,13.3736731817876,16.0264279071501,13.4210933447267,11.5280534573976,12.8789725622257,20.5268793877862,14.0309820627495,13.5301520496808,7.58452676837029,11.7300118629418,16.7623773671775,14.2577659690733,9.38609683348433,17.8524441035178,15.2102168142346,18.4093255020787,16.5165687715506,17.7962068066222,12.4386509073731,10.7427473823789,15.0555045256218,18.450349128522,16.4789060849837,15.7590351296119,14.7148147895889,17.6842987784389,14.5274778623304,13.9668272260805,13.0946837197024,17.2355765045512,15.1760291341328,13.9840657004164,15.803963322776,15.0286725969611,16.6739714124756,15.953149527234,10.9132529519832,12.2760093062464,12.1687355933869,17.576531433479,12.9120751732696,12.9293092026912,16.6950125099999,17.2047749864384,13.8621393013983,16.7932042772348,13.1677093243087,18.6479499595569,16.6138865422049,16.8615267264236,15.6583716414044,15.0265665218493,13.4655096707078,14.1118822042044,13.7935637222435,16.3840053147286,14.0653754968729,11.7109898944612,18.0320742553489,14.583953346032,13.8668077702153,11.736649147958,17.6881793431266,12.688309373122,12.7273588230958,15.4957306757692,13.4242449274605,12.06625580238,13.7970235736869,11.3459008701303,16.7538419301413,19.0615875550081,15.7303360777196,12.0120154366827,15.7685580108164,15.1530856925021,14.0351070873297,17.627879387763,12.4681237654201,17.0807726258084,10.5726442540099,10.2395393394808,14.1679478911787,13.3101342871898,12.1682460011539,12.660444715766,15.6663456075122,9.80856827654404,15.1147408878231,9.71812080578605,13,11.6605,14.5831029324356
12.2069171829458,17.9517233910019,21.8597413814068,23.325325555382,16.8221952769892,16.0167689907603,19.0211633122542,15.875818809589,17.5116250937283,25.9894265441352,18.9331084656037,19.6100714263984,17.577065187278,15.2627737390258,16.6311753302834,24.1575809381171,18.7005830606111,15.3289686691052,11.1497753613642,16.6827459531465,21.5546652471364,17.6715308889551,12.5636212224898,18.8105356912476,17.5925881171357,19.0109203838079,19.9474687084473,20.8613330513094,16.5891618873829,14.3522778139901,20.0057403061677,23.8045556791912,16.6226978912508,19.0306491663695,17.782809354242,22.1365229814257,16.6473373359535,15.4797384377237,13.8699300720259,20.9560318302802,19.5222346223539,19.2666496405491,19.3625879766338,19.0832884977993,19.3811172678262,18.1428869056036,14.0983150163999,14.9084902163477,14.5149325428782,21.772177726626,16.6476837875962,16.4174763651395,18.8451088157156,23.0027381431883,15.6092952818435,20.6092477286541,16.2561586425376,22.6176593594574,18.4022154033062,18.6421394722651,18.9607574225934,16.794192711152,16.8679707877899,20.5269262707116,17.9222170253304,19.6296523371822,20.0524724990792,13.5173534711846,21.4186085473567,16.7421249052596,18.2829216488922,15.8861623098481,22.6219083440305,16.4004883984036,16.603119300206,17.9628569936754,18.384898576767,16.3809272714722,17.0559894280221,13.9880715352041,19.3961237495579,22.8153465926033,19.5175233807852,15.9346145833794,17.5247370928763,19.2445842935997,17.9863112525333,22.6495259750649,15.328196786642,20.1803186011085,13.8055493973356,11.6101039200008,15.5894659099083,17.5163124431165,14.7577827817154,16.8593861602583,21.7178273648118,12.5328318117524,20.6286781620484,14.580573895464,14,14.42135,18.0562118296093
15.195595840111,18.8233205452165,23.2289739455792,26.6456669518373,19.9345719989762,19.1048588471367,23.8238547984517,19.011193940337,18.7547194213658,29.9162460955398,21.6982696772006,21.5593628219911,20.3043287913429,17.2739481771629,17.4482894469609,27.0309007417729,21.0966305987452,17.4610616074238,12.4708642178314,19.0812054228974,24.379713811418,20.7092870679402,13.2268666834347,21.3845473716495,18.3135386004095,18.9312368014042,24.8258790326979,19.4441841596902,19.9683301211783,16.2604442564623,21.5177455310675,26.8625701019466,17.0229449417832,22.3465357913158,18.0758986786293,24.3744483225559,18.0290556366826,17.7311329804313,14.2833302717147,22.8128735253732,22.1223432700476,21.5219195207543,19.3112176748994,25.0282761539545,23.0701260080408,21.4772917741085,16.9530620143117,19.5014895911314,18.1694443125274,25.6276979149607,17.1151410563389,18.6043679786194,19.1262246452585,25.9092506889433,17.8826722636806,24.1153592567189,19.7304778558332,25.8970731589101,21.9095140271833,21.4244951346971,21.3853065712327,19.2599835439485,20.2079014166968,23.1391684624998,20.4698405580895,21.3939254036178,20.7860296624763,14.5240900824444,23.6469787947139,18.5851603544815,22.7808581164294,19.2726708533174,23.3693787322355,17.5841420698658,16.8509199427442,20.418898733822,23.4576864238105,19.1381541212748,20.3660742542788,17.6814234622307,21.5455506319975,27.232492244471,22.9018060997389,18.9649823209133,18.8731935631824,22.0116692620008,19.1784626347852,25.4029726014659,19.3166115021072,22.3288231087463,18.2234888490807,14.8477934701457,16.0220739333057,18.8646683198113,18.8860203746496,18.9548674392264,23.7374603133857,15.6257814536305,23.2409624242048,18.3430843510388,15,20.18338,20.1441228786789
16.7961710983145,19.1497583223678,22.8287964154696,25.1521301796608,22.863679026843,20.2674595161879,22.205721420811,21.7025004773537,18.8916752326666,28.0331917795168,21.4265612904822,21.9989492139393,22.1174333372181,18.1643849449372,17.8483786348236,27.2465799678829,18.1296622381227,18.5481789106201,10.3268158337523,19.4661304628366,25.249688855974,21.5784351173322,11.8178193630392,23.152834349377,20.569832161288,18.2030940422709,21.1755799409156,17.3850273636009,20.6675603198701,17.9347052620353,19.4576575595424,28.1437224853335,16.5072524054731,22.9919118178921,19.1070972720376,24.2906984757632,18.9466196331829,16.533037876253,14.8336095233869,21.2342888231192,19.7832237887367,18.8607378167411,17.6566374702826,25.9346668532175,22.52941744764,22.7191776460249,14.9979393282017,19.8897159218696,15.1200951302617,25.2611803907776,15.7055006865119,20.4320750583823,18.1120913442128,22.3399468150674,18.2918253309992,23.165692234764,19.6204159354495,27.5797875693076,20.2905875748969,22.9915153533447,24.4699750836671,19.9535280754149,21.805061529967,22.7616143686505,17.9787229508274,23.3141726645675,21.8521657869804,12.7970582559099,21.2561904688857,19.1739086829453,21.6917038067138,19.4337707095097,23.6793192878943,19.4890657760165,16.1074260426138,21.5712964147252,22.6144876758433,16.0087985491952,21.5099222722192,19.6854399461596,20.814050994962,28.6076993029711,21.7716802369971,20.7902821459446,18.6053922597849,20.319272267844,19.1566058760961,25.4414800441012,19.3787360631871,22.8748228822076,15.0356415121572,15.0422215782602,16.2653294188798,20.791302689587,19.7584252557396,17.0259852595522,21.9957891641011,18.4471235214705,23.215309285321,16.7069731047091,16,20.46734,20.1293462045097
15.0379784581341,18.9673809648036,22.2930149609036,22.9806624701734,21.2139301511273,19.3437922988615,19.8712267493996,21.2859367390311,16.7901110688613,21.6487419779458,18.8630268056238,18.955456531973,20.2972870881064,15.4257372008038,15.5892964188429,27.2565794105932,17.9295393799403,16.3477407694614,10.5157452510714,17.8578458571923,22.6144061785396,19.7759155549708,9.02328809344969,23.9854064484248,19.4095108475769,15.2391855034589,16.114614307172,14.8291335956769,19.6582442225838,18.0088082559306,18.1484670131056,28.9257549914233,14.6548202632935,21.77728559726,20.0175380134426,24.006883912599,15.2286799812028,13.9889398071789,14.5804403083477,21.6885162173372,17.4011917396765,15.0784687472747,15.825423418324,26.1683585359527,23.0005901666228,23.0493755504336,11.9556447244183,18.9865160725167,16.4231882744463,22.1032378911877,15.0297022426514,20.2784662392116,15.7711956872356,20.8659001357062,17.0858407697143,21.3178820996742,19.96469452744,26.5928532520753,16.2013497399678,21.3542674681432,27.0364353836844,18.5861769116904,23.8031249540133,21.3861537516097,12.9090579077628,21.7813296321102,20.1611663026801,10.4488665177051,17.4364809968337,17.4530626213373,19.9205363146108,19.7972096254653,21.744153687321,19.1853433327144,14.7607559994563,21.437108113002,20.3016434445797,13.5003374249596,18.2755054172559,18.1211416566446,19.3368641551436,26.8776875095338,20.8164451928003,20.9714755361509,13.6136940969134,18.6212647878702,17.333337207313,25.6018178763288,19.5835991941275,23.4285384694109,11.0313722289518,14.6896820918967,14.9631015586841,20.7754642276049,20.1750165369495,14.723034358554,20.4008944489648,16.5787971060334,22.5490658828428,13.368153080092,17,16.92436,18.7484411547391
13.9553850682546,17.8059560069585,18.6359673737366,20.180188811899,19.6211215666616,17.0217021096608,16.4508940251146,18.6834024284686,13.108326749172,13.424515267035,15.5491275683644,17.2963225061497,20.2232111284946,11.5529159698408,15.2025109319562,27.4490363794066,15.8186820847919,14.2994119512285,11.1213020873831,15.5704327505444,16.9536556690544,18.2923775243666,8.25656243070136,21.4231405029173,18.5972895678378,9.3561841543093,17.0294036358734,12.8269322425553,15.6786252949672,16.6934549553777,17.3193794861733,26.3362387176384,12.7733799830028,19.0253919763085,17.6812890782733,20.0906847229213,15.054472817028,12.6314292602613,13.2458145495173,18.5564625430371,15.6038995315071,11.3012984533287,10.802701917443,23.1511422318475,22.5243135837192,20.2670263488082,11.3265394447276,14.0634298597743,16.4085888483304,19.5684757324408,12.030976920145,18.6032868860476,11.7356624460067,19.846938440935,13.2287467388785,19.534010396806,14.048857046887,23.3465775988463,14.1869797137441,17.037295603643,25.8323907623836,15.2280962686639,22.2135616094972,17.7527040685435,9.1833699428572,16.6407167501529,17.8446884186071,10.0639291748016,14.050160078245,11.8181547857817,17.1501452227292,17.6153556583388,19.2854729088074,16.351445094991,15.5322008090683,19.2548417571,17.6756036106715,9.82003454614036,13.9545883221337,14.11195296817,18.3579856369004,20.125581878836,19.5478000203863,17.2028087056161,8.71386146909247,17.7094644430837,13.3750213757039,22.4761803856521,15.1623710520098,21.8030710390781,6.69926871982913,11.6568044486895,13.5693882870895,20.5727552211196,17.7622028753708,11.4618645494521,17.7800026215506,13.8068042598577,21.4706112180436,10.6214630363456,18,14.46401,15.9705863103862
13.2702827123876,10.4631176658059,14.5424235319325,16.5707068014655,16.1849571301496,10.9383045791488,12.3508896781243,14.6508606839885,6.63071371854082,8.61015860257726,11.5239277495841,11.5121350020562,15.9649367262899,6.63761916190455,11.1494868394005,21.1490584356321,9.97026710273949,10.6843612751196,8.23904646787344,12.3919424611196,11.3787027546227,14.2730361250122,5.30224856586939,16.2732818349691,17.2514676647825,6.34795989337659,13.8513335346601,8.18295903311847,9.48566303425979,9.94398145981588,14.3657227680083,20.1643361755725,7.51389180191443,14.6341436237836,12.6776377869031,16.0384307661771,8.446603985,10.1958636816154,10.5824451503898,15.2216523217293,14.8803321753721,9.03630434669198,6.13043411778628,18.5233177434645,18.8959817839873,19.5354195511404,6.74828779992504,9.547533644445,10.8329111309445,18.7456242812113,7.65388531157891,15.5993661873781,7.77402304880604,17.4464545885874,9.07217251170702,18.9054570032327,9.37315729851175,19.6371057321187,12.0123317796373,13.0696653471754,20.2064881175072,14.5300424763843,16.8903843020024,13.2095443524475,9.24280488448718,11.6734153023587,15.7000111656471,7.72171206858841,10.6117064573154,10.1293970111352,11.312894685346,13.1287176638701,12.7037161765718,14.8779929691488,12.7005722863573,16.0655679017351,12.7963120231333,7.24519944632796,10.480104887974,8.86042206087416,14.3307847269797,13.7431325504187,16.3441223232169,16.3018203056307,7.69126565591892,16.1843195036315,8.44385097606175,16.604019626004,10.6849538679684,17.0947974368827,6.35069009045065,10.9108915827324,11.2754504087843,17.4446320948692,14.4607042051336,7.77703467569448,12.3186171397685,12.2377796808115,15.2372804991816,8.38805061742475,19,12.36912,12.3711179852464
11.5448970324637,3.4847802092552,10.1277421554559,14.2344325439325,10.7897562961079,4.84058525885162,8.60612864819354,11.669268304346,2.24092700991074,1.50637235776572,7.83012254887372,8.65461099539132,9.2197772600942,4.71255515963696,6.81720513836719,14.7425595463218,5.54730303432123,8.4554830759498,4.27102418504131,6.95941398402891,8.048910543584,10.3479584612909,3.87680242565041,10.2576928939393,12.7675137318541,5.56731530327463,10.0918468062448,2.97270801865172,5.79466014657179,10.2448337457099,6.97118422820128,12.9894900588589,3.2297931507574,8.62721548942485,8.81114487981101,11.5598213230673,3.18323893355853,7.37773974845947,6.11687550803893,11.037203784283,10.5473962331205,3.1192025044892,1.87089818372114,13.6160831184972,12.2476963358015,13.8189669525391,3.72368842636158,8.77251997246115,7.37964782533206,16.924642488749,0.903942435109876,12.767944522927,3.45974632540466,13.1845524995701,5.53652487844671,15.5771292144268,5.89287660207575,14.7535979271387,8.39719763999815,7.57061926274055,14.3091431364357,8.25779111301623,12.2485449793815,9.3555940479251,3.78797299516139,7.20083175720583,12.3154534925562,2.1950617200791,7.59263816792063,6.0912867125762,7.70732963339588,9.50771235933278,4.50912684603248,11.2416725315383,6.60430296119401,9.34780720284318,7.5763274282061,5.28560691680453,7.12370601726708,6.95901737400998,8.34423073805724,7.2440099429411,11.363589467582,15.1696903490284,7.62443686137609,11.0124815351872,5.69750407232414,11.8425405654399,5.12607126336139,8.48668470151485,3.29653173628343,7.64560637431596,9.35226610496024,12.8931074643032,8.99545556844825,5.45620190126699,7.92999434830812,10.3386374410444,9.80712612375993,2.88551956850457,20,8.169871,8.11534745343671
8.26915987137509,0,6.10985428814351,8.45550535997136,6.92958938498656,1.09089376821349,2.73648522722764,6.82998609775665,0.144225580142453,0,5.25977639199196,4.87020396586449,5.84243011856049,2.8778280974781,3.88335931699134,10.193478872218,1.52806602221965,2.25669901349243,1.96915304962945,2.55219228662781,4.37565833109541,7.52033070847259,2.72186342485409,2.37780051215044,8.52025930620906,3.84106779223719,5.41626468420672,0,2.7504903869416,11.0015999067343,2.5736782307951,12.3703396951661,0,2.86483012626429,7.13248690594117,7.30926515836327,0,4.24329652727908,3.33039632892504,4.45759450117665,7.96121334699474,0,0.801406075524128,9.50492267459212,6.16725537953738,10.8938977669723,0.401441879307115,5.34347311221838,5.01595417486702,9.56389878374747,0,8.10430406592333,0,7.68047794372901,1.45279229431958,8.19989553340706,2.30977442210281,8.49503145317139,3.26127824563617,3.69174202044678,11.1481084294204,5.45882077635905,9.67415242306815,7.39948887132923,1.33412711267706,3.55995198932292,9.2101596411264,0,1.19400149719402,3.01083963838803,7.16892295264824,9.23003877932498,0.321325035173867,8.4889145725897,2.97672867226624,4.87859072189202,2.87026292972917,3.18018632211899,4.36476147265412,3.06247657816945,2.16715330737494,1.65503255982284,8.49507103711921,13.1441762947608,6.19901909710367,6.27149830349479,5.05963832602328,6.87344157456651,1.1701246553285,3.9219158643032,0,3.14900307128643,5.9183127157946,7.54574896791825,2.0897806771992,2.88694826229601,3.7147120997565,6.90767066458424,6.89650100669855,0,21,3.106313,4.31590840220542
4.78161815648854,0,1.57952011951656,5.0758716123821,4.63265831192456,0,0,6.11227715178973,0,0,0.779394601099871,0.799565228886034,0.606411774318571,2.16124481014811,1.32956776373044,4.59358430776661,4.13196180025196,0,1.02910808609971,2.65475203699827,0,2.69283381156635,2.60604187543687,0,1.84853203756517,0,1.95154209943502,0,0.278709372347493,8.37516184172958,1.67125505565289,7.07338752169318,0,1.06598152528697,2.40842467640379,4.51350875695159,0,2.53411203156519,2.82667386389275,0,4.54719239442078,0,0,4.13061744211548,2.29167626653912,5.76586420370957,0,2.41568135485954,4.38531880122047,4.03983501520636,0,2.60574278354533,0,4.71554444834501,0,1.98146383576814,0,3.29021051531837,0,0,7.85212585267224,4.27878908681625,6.27726815192509,4.14935367814645,0.190244843564995,0,7.16180956107316,0,0,2.53394296433345,3.07502087888308,6.75259747762795,0,4.22945705557744,0.729087055261938,2.25879246621106,0.21443285862158,2.25083630983465,3.17605981899704,0,0.365115676758379,0,5.68551818805846,10.1326950246074,1.79119146949524,2.11386826717996,2.42620609737776,1.85123694457863,0,0.230534713979004,0,0,3.76052286979563,2.2700516785727,0.746021084858909,2.09631035319558,0,2.31387238292516,2.81180398951342,0,22,2.5e-09,1.43751926713045
3.07325018447082,0,0,4.39775199713433,3.88294350035324,0.28023184914183,0,3.83499497696821,0,0,0,0,0,2.16371313499417,0,1.18201021693815,2.17763836534052,0,0,3.36973858081733,0,0,5.05305320991262,0,0.380465130376884,0,0,0,0,6.41180649848281,0.773369321536393,1.22856581249489,0,0,0,1.93805440694212,0,1.78892635091698,1.89161885144124,0,2.24475914911932,0.184556115116552,0,2.06978811528196,0.889356878715621,2.30752399263587,0,1.41746735540594,3.04722056645248,2.42772793096259,0,0.710700316389146,0,0.491979618930931,0.573791137929478,0,0,0,2.59731361734527,0,6.34470779366627,4.82827528123809,4.80010522175285,0,1.19396321469923,0,5.87513208087599,0,0,4.61687975121428,0,4.78727437861512,0,1.7927699668369,0,0.305313948497441,0.315512258664492,0,3.88510390914605,0,0,0,4.17076295925288,8.3470256397956,0,0,1.91403516165695,0.00737052345289424,0,0,0.123887759832699,0,3.02212209040319,0,2.25042601733473,1.22923854707629,0,0.704965691158991,0,0,23,2.5e-09,0.157087856681492
2.7426172126021,0,0,4.32451100953368,3.2637782209603,1.88663575873297,0,3.07073662427935,0,0,0,0,0,3.74786534320314,0,0,0,0,0.650229162146077,6.88172074482839,0,0,5.31953392011162,0,2.38566286016877,1.1295876279924,0,0.461580489578417,2.65196606634418,4.1036106170801,1.47487567621594,0,0,0,1.40737965571635,0.921556491328975,0,1.66279228704006,3.79340204371103,0,2.0829815317523,2.23193732275257,0,0,0,2.56234191808349,0,2.84362260916304,3.02744425391438,1.35954922259193,0,0,0.171227871980501,0,5.28106243392846,0,0,0,2.8418640433091,0,7.3070592888104,5.95041825735582,3.29624077636724,0.799419329008397,0.912547027208702,0,5.58016123467201,0,0,4.04217552339171,0,2.46117532030404,0,1.59131984559139,0,3.03537912632903,0,0,3.10328480532936,0,0,0,2.00810740410554,7.68029549891674,2.50180195369863,1.28013464112046,3.29712271579416,0,1.08008973709899,0,1.57888045553261,0.0947718954438619,2.34031039293349,2.24282415523884,3.69976543982758,1.86665286957364,0,3.63458167304514,0,0,24,2.5e-09,0.165462506606393
7.71406478605437,0,0,3.17620002052652,0.575014002628442,1.03676761683619,0,2.76766568030384,1.85292568942967,0,0.631467341734797,0,0,6.59975642847028,0,0,0,1.82000474846677,4.33427317910747,6.62263225153163,0,0,6.2920839166961,0,2.91361796391353,3.44874321788422,0,2.9258050658346,3.59556367526953,5.53603721444034,2.39958795522816,0,0,0,2.78713846086081,0,0,3.49862661282847,5.90873278178732,0,2.84073168688399,0,0,0,0,3.82808757845774,1.11049234424213,3.84742446376889,4.20998850723365,0,0,1.15605717631624,3.46007127027019,0,7.91616543503632,0.104473480694109,0,0,1.92432136235349,0,11.2261416478062,5.20384079164594,5.35681857852507,2.64590142101633,2.71361820651751,0,7.12490581922828,1.09990949035676,0,3.24966486433204,0,0.991096703537205,0,0.850879778321759,1.30882786040548,3.02807373783448,0,0,2.32933168660141,0,0,0,0,8.17801599565041,5.98117074063409,2.00063382018713,5.09919703127399,0,1.47062057897921,1.81484269194203,1.95707774861364,2.99286676039338,3.45177390163106,3.69878910369079,4.59044662485434,4.04668935477874,0,4.4230101859689,0,0,25,2.5e-09,0.912846908317303
8.79515898708031,0,2.95690804365177,0.82642366512693,0.789124317858755,2.24398873399095,0,3.67565523038482,4.24993367009227,0,3.20414757932578,0.792783662812034,0,4.57944225906913,2.92811353338646,0,1.92147140315504,1.68369078356959,7.63852556068487,7.31244387295072,0,0,7.31084682382464,0,1.05546296596144,6.41455611801232,0,1.93330857618995,3.52397517319527,4.7236668362598,4.73926758027996,0,2.52365499461486,0,2.93710320280107,0.904582332345499,4.91715072734341,5.5453586688681,6.03164209831286,0,5.55354793970096,2.19284407123477,1.41368546725898,0,0,2.21006071673739,4.43050259769406,2.55778147582251,5.57725962186375,0.399672790218254,1.65488762463332,2.7590907148616,5.49933437298682,0,3.88640924128711,0,0,0,2.87473051530322,0.300556844807678,7.74105695309692,4.66793220620152,2.74270845419082,3.10305979034803,3.14799920753426,0,5.15141189861856,5.43158736073283,0,4.04557457479899,0,1.98979746277823,0,1.1134205795999,3.767057822669,3.2776943613427,0,1.07365018756811,1.38942727062376,1.35412893987071,0,0,0,5.8533151734876,9.42986206968827,2.01735216241838,6.61224287778305,0,1.64287131714123,0,2.48120381285629,5.26087677156996,5.15521842174778,4.73977410794847,3.89267732735812,4.87515510286729,0,3.52569316154696,0,0.883201923301814,26,2.5e-09,1.66166816099232
7.14780854621253,0,2.61411509124319,2.58798653591798,0,1.83038313250447,0,2.33906965179493,5.61053655265977,0,4.44551714458928,0.136219884924391,0,5.77655286986125,4.98054085939588,0,3.00525731139121,1.38294254213472,10.4719000622214,7.17553967488502,0,0,10.0506809958811,0,0,7.77002907318084,0,3.54092733783996,3.85416640555267,0.761358267068874,1.38748733622453,0,2.05979115009058,0,0,0.151566786192769,6.59606996996966,6.72096192593072,4.7036822452137,0.577731729362085,4.28372227226633,6.27299030512443,4.15194595113852,0,0,0.868733411117369,7.83536076257588,1.91610959083618,5.67385107573327,0,1.94253489901277,1.08326805329384,5.85281111011887,0,3.62034340778875,0,0,0,2.36690462403911,0.184189522841857,0.982275852908018,5.51088769160493,0.639612983985972,0.770500264185059,3.6250611234875,0,3.0660032947091,7.46766027625881,0,5.30967227236568,0,2.59557116298783,0,0,4.39706591764934,0.25413539236432,0,3.82642385574138,3.28228011666282,1.78658718388151,0,0,0,2.29458365490136,8.81077631113146,2.79374009291618,6.4449206749847,0,2.55734096799175,0,4.99114274361066,6.87244689505645,6.57644631491266,5.22049441281048,1.72078842118484,4.83595128165855,0,1.45531937777861,0,2.68976046234393,27,2.5e-09,1.73620764525518
4.57561145090982,0,0.389258925456144,3.01287306497356,0.015077286448328,0.39651428640547,0,0,6.33471183818919,0,8.23270391963143,1.37245527654559,0,8.6139012174848,4.8739251469488,0,1.96416556036011,2.78289031578036,9.15110238342178,6.60199868786574,0,0,10.8256618632622,2.99891546904547,0.141862318462288,10.2428321604464,0,3.88312632852038,3.62247311280597,1.83701722397384,0,0,0.874776126545978,0,0,0,6.56809732761505,9.01405514563039,3.32079450739349,2.29135221302464,0.878735746475463,4.10675088098572,4.38443168182742,0,0,0.873598952426776,11.5465450899961,4.15314276815726,6.331464528234,0.394969585511158,3.61988043233316,0,7.80174851565362,0,6.23979026571266,0,2.78967032519682,0,1.84903422004468,0,0,5.63857869286026,0.467232872989821,0,3.80837747198229,0,0,8.03550671329762,0,4.07585129754224,1.9258974008713,3.63151022241085,0,0.255364770315651,0.486713497955882,0,2.46986164080529,3.78513022963805,4.09345143595076,2.4267509608168,0,0,0.174170551074313,1.23463787021614,6.48690147977752,1.25275683538351,5.53785413968278,0,2.33374242373052,0,5.78446717224518,6.63967232549984,6.86884938607193,3.15899854249321,1.81691104888804,3.54826255495669,0,5.08512017551127,0,5.80061873597896,28,2.5e-09,1.4319741891568
5.56746006531747,0,0,3.33225162289408,0,0.959701914863442,0,0,8.27901002646584,0,7.83082145567716,0,0,11.961444778366,5.5742330052494,0,0.640402170526778,2.81538078689153,9.22588748195031,4.67234721192005,0,0.254509726242017,11.2343489981207,1.98623247580746,0,8.2404235018629,0.303460776132396,4.36024437306124,3.89944154117762,2.25675692381835,0,0,0.42207579304788,0,0.366037712032323,0,6.26173875319902,6.49712552014603,2.82565331935932,2.4844588976961,0,3.4592512132137,4.62479860330722,0,0,0,11.5082217801099,2.68164682200279,3.21965430193743,0,8.50366820602863,0,6.65221336011525,0,4.2738536323702,0,6.23709209102279,0,0.700120261947921,0.247157153358384,0,2.28221831852587,0,0,2.12529066802202,0,0,7.94697917572337,0.712239008799284,3.46692879318182,5.5031929604357,2.11301700217617,1.40096943375131,0,0.987548511371768,0,0.720694728437216,3.71182545408856,2.15156277435353,0.848788343869505,0,0,0,1.51171349456715,6.02847767542169,2.03749861940517,5.89832988164353,0,4.02663821785956,0,7.38176014422652,5.94063913800997,0.744721136646282,0,1.53239351700536,1.95762715556432,0,5.46456411935579,0,5.35721998175646,29,2.5e-09,0.768116904065219
4.32200563587634,0,0,1.89603287453135,0,0.475470490626678,0,0,10.0069466162276,3.13319852606575,5.75180670557609,0,0,11.4251878536507,2.00278395795696,0,1.19277590905937,2.35766374158893,7.44007903448516,1.53260430317544,0,0,10.3159171181025,1.01995141462927,0,3.71898569264714,0,2.98158379810377,4.01068504417024,0,0,0,0.278982848839537,0,0,0,7.662989047925,4.9745044026321,1.97673467679321,4.11636987314165,0,5.15992422545663,3.81049987582935,0,0,0,10.6702333992544,3.26321515673476,4.54989399415907,0,9.87373066072126,0,5.94828226520611,0,2.79324764565247,0,8.25765013688243,0,0,3.23054125506286,0,0,0,0,2.6008869379402,0,0,7.83860023491154,2.80178545755937,5.41609362390812,3.08509476668135,0,2.27454023039383,0,2.46479329734827,0,1.28493333318696,3.36607338274413,1.774166609882,1.42843247145261,0,0,0,0,3.15220517652135,1.88196738519946,1.89374804810791,0,3.3730887131135,0,9.67411919717227,3.97146594199514,0,0,0.281033143518335,3.28354124977004,0,1.21018721812421,0,3.65284958911183,30,2.5e-09,0
0,0.187957168604473,0,0,0,0.575578579241244,0,0,9.15828696132023,4.09659744792618,5.42692579788429,1.53930195466366,0,8.68205747952199,0.828227611023062,0,0.318468145861742,5.64717993185612,2.62171137191791,0,0,0,8.3682326563069,2.16207166626604,0,1.82359567169005,0,4.06408059294201,2.57029333121189,0,0,0,0,0,0,0,8.46777418194767,2.85656215037824,0,3.96602047230579,0,6.32189260078695,2.97111114427139,0,0,0,10.6717875210631,1.60147084927159,3.14808986020157,0,7.39000589319114,0,5.12421056974242,0,0.750002713310767,0,4.94568270497457,0,0.095967833316787,4.37578092169004,0,0,0,0,3.07144601465168,0,0,8.15532884060753,2.55888777662484,4.99962707664244,2.1104065034957,0,4.33704823929196,0,3.19631382537571,0,4.11530311626577,0.0507805455411079,0,2.48154818162286,0,0.663763399534896,0,0,2.3971489312125,0.183806441050337,0.819162403083177,0,0.924813510097946,0,7.53083003912805,1.05234946836463,0.742632372056959,0,0,3.07947977837407,1.23457668124133,0.817636916475986,0,0,31,2.5e-09,0
0,0,0.200484893309748,0,0,0.586164900772292,0,0,8.06059937177586,6.91636953896531,4.26338997725266,1.88402738386427,0,5.1199122213596,1.21153785792118,0,0,5.86681560610803,0,0,0,0,5.53904835154093,2.80864627943046,0,2.48186457914468,0,3.64601623602436,2.57136370060701,0,0,0,0,0,0,0,5.14731658402179,0.514039781967019,0,1.77645868294407,0,5.92302058933666,5.14501793795117,0,0,0,7.85413424563742,0.311793121489794,1.53181798336979,0,5.2923698695483,0,3.36258813710601,0,0.496641360526732,0,4.51074324415414,0,0,3.96461442391852,0,0,0,0,2.17358937365297,0,0,6.1182788094689,2.13367429017364,4.84578575098805,3.04338206261644,0,6.05768099265415,0.459168067533939,2.26020385197306,0,3.85224678164866,0,0.47331609942558,4.61552962737133,0,3.99836671916729,0,0,1.16017712487465,0,0.13764962540851,0,0,0,6.28778115409667,1.3319302564104,0.866570929295599,0,0,1.97828112566646,0,0,0.215759472364764,0,32,2.5e-09,0
0,1.82076596567922,2.8739517981006,0,0,0.762247409409833,0.909302504910204,0,9.44926239135289,9.73107205657496,4.42692663707335,4.79823065933364,0,2.27371614607401,5.3406127828688,0,0,4.44709366959972,0,0,0,0,5.89162247983111,2.08801342746517,0,5.6909617567941,0,1.311816585528,4.16999745326955,0,0,0,0.493094041626757,0,1.925521572477,0,3.99392032304316,2.31198670215657,0,2.94407148061643,0,5.60139397114137,6.67876668574411,0,0,0,7.41647688010209,2.31002246476129,3.01049087908504,0,2.09736818154355,0,5.49812722696439,0,0,0,7.2539845598372,0,0,2.33323798807895,0,0,0,0,2.77953047965625,0,0,3.72043596647354,0.673228068631687,2.77249039851443,2.70552196872326,0,3.86840919892047,0,1.44011649958499,0,2.8225213009059,0.604090886941774,0.494932818678149,6.6701213716673,3.10556665480788,6.67770880759088,1.69324890337168,0,1.08300094715444,0,0,2.03767361799374,0,0.475229062724657,8.40360637024577,0.72815573577109,0.777465557335468,0,0,2.30820835929066,2.6304876627162,0,1.49434056833761,0.709699290731672,33,2.5e-09,0
0,4.6209267429503,4.24916347623195,0.176539058192711,0,5.45925959785183,4.1959789596119,1.80494029261789,11.257783753698,11.0795059591743,6.09762480615083,6.20128000683834,1.48838292479037,2.00925957173566,8.12243757064256,0.422969774700428,3.35859254054935,4.88414210432381,0,0,3.69884448882259,2.42531042360549,4.62786767543223,4.12358622177081,0,5.60897462807438,0,3.02036932949236,5.23978704638003,0,0,0,5.67403097318419,1.89491488691097,2.86630685569562,2.20336799543674,7.98253076106451,1.64623096728895,0,3.98769978213886,0,8.35098446991537,7.23063947426835,0,4.89464099815845,0,5.87010553702147,3.09729748088034,4.92096678518335,3.70188897251456,2.74491917447905,0,8.5915726681841,0.340046621117073,0,0,9.40257061973409,3.13254339597507,1.30282846249193,5.25566291497239,0,0,0,0.781571576777465,3.59930822141384,2.17762288029013,0,4.08827315037338,4.38185707787549,1.19710044985214,5.17887501179747,0.295060226390135,3.63866806648683,1.35298671265562,2.39888739109324,0,6.60039320230724,5.98874172333961,1.54940343331967,9.12724675097018,5.95508368890753,10.5271764676376,2.59645564848241,0,4.4477846116165,3.0089192342214,0,7.00777548119499,0,2.61493217546624,8.2731040977197,0,0,0.283027300036972,0,1.42936146954333,4.69780117250464,0,4.15987746092692,4.09729550808524,34,2.5e-09,1.86762581608416
0,9.60671436192253,5.11348979909125,4.10768273624876,0.262314426867959,8.96447045807408,8.19244780599086,6.13367234706313,11.244904791985,12.1913552852886,10.6969583420793,9.15059365982629,6.32536719274795,4.38024727744305,8.38139344056496,6.36505246010866,6.7444024237902,8.32602509659603,0.551291617651676,0.878562257355339,8.91979796169587,4.40724226189016,7.46649095470874,9.13561574310507,3.88410905562748,4.80058124046194,3.91616156694369,8.09104088886659,6.54078943202998,0,4.8166918357019,3.24072200236221,6.71964324912376,7.65102858439325,5.70368520562996,4.85864025635477,9.08314587824343,4.97193831729088,2.80249059820481,7.78905642932704,4.9470803070635,9.42613933978508,8.48624701917852,6.34056452261413,10.5027320494785,2.34473096680513,4.12596368287535,6.90316617797464,6.24086518800648,8.28053548302707,3.68103626375171,1.42929167589791,11.5628993371444,6.14305128976524,0.0836915409694248,4.90412334954934,10.1457410572313,8.31270273511818,5.03353123151065,10.7566698639901,0,0,1.85066895632073,4.10591861782892,4.53443588595241,6.78371974815846,1.86690342627412,6.39116621856887,10.4737630205864,5.730158711488,9.96438341487012,8.02850885919569,9.35506848544708,3.79214840457635,4.33097182152734,4.92645020736013,12.414293379179,10.3234617509232,6.07082445091486,10.6468140552279,8.3785837887202,14.0815478435361,5.17645391710461,0,6.49222306053316,5.88526268908172,3.41189017102923,12.2468272721315,3.33491632559414,5.88525273979944,10.341306541275,3.0288444644352,4.97484376966763,4.92240953151866,0,1.75148054590554,8.67431751915282,0,8.52910197916959,6.5927922596032,35,5.604787,5.34603940577605
1.9401126870993,16.6526444870724,9.15549604938246,7.08063059610409,7.2697810230058,11.627352084848,14.1369792686724,8.46930216526395,14.5475941142471,14.451758616286,16.3215059293747,13.1085336897383,14.7269645838415,8.21485095347421,7.54366003360854,12.4895233710901,6.62532068504872,13.8729914596236,1.74818649587622,4.62205121545953,14.1745097604528,9.5297738202514,10.3419729633039,13.6935201571938,9.35911674411199,7.76185122882446,6.86773531099782,14.4466413256324,8.46303245810535,4.22024155540182,8.57930817559611,10.2051883908516,12.3264600574292,13.7586906997082,12.3716230321929,9.12005982681319,10.2759345562771,6.02162417082341,7.23865888818838,14.5748855462384,8.52233899681499,12.2205873039669,9.87045087136172,14.8934451645134,14.0686173620673,9.20278712387259,6.63612208307251,11.8366735859147,8.0520885719179,12.3722472131462,7.48237046100604,7.33436348457947,16.0146028072846,13.2783327833965,6.19537887419987,11.0337090677966,14.781936333531,16.0427557534834,7.11903213200697,15.3827034842577,1.63741205503467,2.70876044746911,9.38218134420317,9.75452656157955,6.72428642136606,10.9412365054348,7.01917943990811,9.9983943939629,13.6488655978411,9.51187734866641,14.8207761558788,11.5788695701879,15.8524837095111,10.6484349735915,8.41245144903276,11.1144366552994,17.7734651905195,15.1535930774082,9.20161606918499,16.6502184612584,10.0158730953893,16.4148920895337,11.5231357870988,1.40729933811725,8.49800655476915,10.2415382598145,7.04680384437644,14.6702926883789,9.70606583277923,10.1012018271915,11.2639539971431,7.70118767976579,9.48641852296168,8.47122489726266,5.1248996124349,3.80591937885089,13.009885147772,1.75607442486302,14.3681146646048,9.49245443404332,36,9.375319,9.68616585687837
8.36847091096589,22.4002272914209,18.738467510299,12.8350797528268,12.1384441234915,14.5365218130033,17.8423781065249,13.6418685138655,17.9118769006002,19.0374311192051,18.8523006968685,14.5200777134327,16.6210949725972,12.0490914992426,9.53370718698074,19.3526333610436,9.59671455626486,18.934553202484,7.98185228387054,10.1642479324772,15.8520687507555,17.1211858984513,10.0739049999869,19.4209515201577,12.6800414761449,8.54704758131771,10.8110723564922,16.7655332562512,12.6854592198382,12.0694729243047,12.6743653925107,19.1757175813929,17.1247599026474,18.3812437472932,18.3207644000221,15.7157109361258,12.2682557664579,8.52186809840989,13.2941475298906,17.9585102337512,11.7169189749442,14.8890496217372,13.3469714028531,17.8160813110934,20.0851503351701,13.9056443980319,7.48321775582019,14.4159263632829,11.0356887643564,11.0339097478199,9.69948576644775,14.1057822850503,16.9054094273103,18.986441542729,10.2576186750917,16.4050823114549,17.4274116598062,22.5612597349654,10.4421177181129,20.0858616869594,10.5393265089898,7.69334662949694,15.389560216302,14.6945381244297,6.93095981327123,18.6643851074523,15.218147562969,13.1352097306143,17.6495693060876,10.7221199756986,17.6565447530694,15.4927658821278,18.0871751997291,16.5309422614358,16.7704146096399,16.2206836630375,19.9375217380257,17.3128272901177,10.7995478271754,21.3296276542008,15.9211380793239,18.373756354668,14.3122016543737,9.15950156034688,10.7123544087424,14.3567465717254,11.738676383878,20.4946892608429,16.1523478766813,14.6838144123992,16.4117804353802,11.1876343822737,14.9544757146249,12.3548690886695,11.7198467966698,10.9458644894344,15.8155201783452,7.94300152855481,20.0427179265449,12.8844700205969,37,15.55127,14.0963499072521
12.6889523923837,28.0126380560009,24.2746915044784,14.2914950349345,19.0205935892687,15.2369736937225,20.6037979574742,19.1330836484705,16.3676163043519,20.1136449380191,22.6864435019965,18.5933702591424,21.1192375201625,12.538868133593,10.7605009765177,22.7988720837719,13.469737404869,21.8526399015109,11.5295838281439,15.2031044233828,19.9903083204668,19.5671723981412,10.7745616663031,19.5367086402359,15.8226092125548,12.3706085465935,15.3005915507121,18.1260409012683,15.8624837342914,16.6737137575332,18.1109972349662,26.3809316969293,21.15456477268,24.8686597264209,21.4312359858666,19.7798568295288,13.2683243527622,11.541608432515,16.2666886686412,21.5383967689335,14.472833240792,18.1505774757486,14.4574116689228,22.3829204489531,24.1674032995701,18.4438835118891,8.44122622160284,15.7994535972463,10.2127240728553,15.7104059116228,10.9061035618716,21.1752839418019,17.9721504033383,24.1453068429766,11.6903890887015,18.5113080345895,19.8201838611803,27.0956768569186,15.7035156257069,21.7454674415444,15.6902361919328,9.24466709238263,19.5361303921335,18.4025475163543,12.1296824739958,21.2458481498636,20.4701921170266,13.207681247496,19.1161179446494,14.0884609393645,17.296319279841,19.6737695986326,21.2417196279967,21.8248644939604,21.8647316618926,21.5622928648562,23.0283989020596,18.116287352072,13.1093131903644,24.7253180583277,20.7981358297007,20.5300546058448,19.8140289199318,14.0444536758508,11.6693946932494,15.5991658598552,14.5685306093312,27.0095718613788,19.0634299101295,18.5858063431467,15.6812092371102,12.7669958564532,16.9516230782638,17.959300176031,15.4665060675543,14.6021117047456,20.3082675778385,11.3407604499805,21.4006967706017,18.2035446574591,38,19.13592,17.5295668325803
14.0477770776263,27.6965801934311,24.7429577674192,13.7664532008826,21.8244033681957,18.0773756583928,23.1573390359437,21.2450417616859,12.8636515949175,18.7080697721963,24.1272600275981,20.7791182759711,24.5950369580251,9.85225130896897,13.907912791036,24.6838822103411,14.9868367761007,24.2431560709469,14.7242556147808,19.7159206887087,21.9899700890062,19.8499453652275,11.9742679982161,20.7474305449778,16.3311773671857,13.1881719785166,19.0110404640667,17.4663907665676,15.5675410640188,18.5407087393079,21.8750703108449,30.5869518249026,22.4094350911841,26.9718306958931,25.0538581497299,20.5901641329984,11.9651380420822,14.7795178726968,19.0927545418895,22.6698125252171,21.0992907218555,20.31501519107,16.9789214835516,26.4997258399619,26.0026366077841,19.4773502416536,10.047355920176,18.7651204695497,12.3561181854125,18.2910032751633,11.0722941171432,20.0730611337326,20.642712818046,26.5605042996427,12.2537057257654,19.8486594147277,21.3612107704612,29.6752901702346,18.3661610451453,19.9488738264881,17.2681121314588,12.9855987436118,21.5783613692009,20.4617153179311,14.0810398251928,22.5308250723224,24.0786885331678,13.9103911076331,22.401165179497,14.5085910818088,21.3692183537762,22.2227929086871,21.8743403159783,23.7321481645808,22.3647574622763,25.7818372878191,26.5744860441954,18.800343532659,13.7789423659521,24.5663448229725,20.2914502654773,23.439837263002,23.0855394606795,17.8386934751114,13.4083791452402,15.581187810105,16.4847503157533,32.3614502167917,21.360600106027,18.8755055504859,15.2031507229367,15.1463737156975,18.7727077914488,21.996886956846,19.7326454599539,16.1364224535025,23.7468270085616,12.7411800132473,22.867052986277,18.6619178015795,39,20.06532,19.3587276638177
15.6849948306704,24.1949614103216,22.5844404093356,15.358705572999,20.7138581984787,18.9027850898601,24.10119115455,18.7930746080867,12.9246271094801,17.1273872955778,21.8860574195101,21.3134423056293,26.3356419889035,9.08660690149645,15.4223802356344,25.814092912304,17.3936365375483,24.6941558335725,16.5875887727426,21.1090114840139,22.8548419369527,21.7767808415362,10.7418392633346,20.3798893160968,16.0276513000961,12.1702990726899,20.2083791740731,16.7659505993013,13.7605636352955,18.541760055616,21.2941009638655,33.6939260383697,19.0036200622863,25.2409136968419,25.8231773391323,17.0015528842979,11.4030687392374,17.1407399073661,19.8602236322394,22.287223138868,21.7583176651762,17.3112851112667,17.8232549046867,28.2909265195826,24.8687766791507,21.4842562851739,10.3327061315411,19.5134045679343,12.2533485677402,18.5149701557098,7.90073791092784,17.7254906128309,18.0901384710642,26.0333785447192,13.2976579294702,20.6115063904102,20.3885301244248,31.2529184184267,19.5511586520088,15.6910798388912,19.2247016530901,14.831645278133,21.727915580585,22.4156841135361,16.1598770883644,24.4147738447562,24.2624304916992,14.3909609094975,23.1721409576388,12.5379113668638,20.7426133938073,24.9843147739301,17.5586289474461,23.9233613548242,21.9717436062715,25.1996919953509,24.2260791294575,19.0285758542242,14.7223345591072,21.1017661039821,18.0816948244955,24.5496358195934,21.0368938890705,20.3229992179944,13.9315670788225,16.5362478278558,17.2845333476676,30.3817257218444,19.6709347972174,21.4408203093512,14.3612355007264,18.3024369923312,18.8125121091332,22.6104755860564,20.2557364994942,15.9970860918722,24.8636302263423,15.5270459781984,27.765777592823,20.0894099371827,40,19.44009,19.5447804985167
15.8437658537989,21.3342929344412,22.2606770222056,17.929905731024,18.3380506947449,18.3094235664999,24.9698516969631,17.4854108950587,9.99750690583738,14.4739841706762,16.5061763999151,17.2683674500472,24.1733952890534,9.34602862557263,16.0576493624859,24.3727052872471,16.3627963949653,20.9830211768793,15.2821397305703,19.3875848526588,23.2014587246741,22.1485958829289,9.90885384047479,17.0961541787819,17.3728389395466,10.6117765238778,17.8416625903143,13.5134538098218,12.9063338829366,19.7557714335648,19.808842768864,31.8836253054775,16.2452879816096,23.1375565422023,23.429133711376,15.0496582547579,12.1071761344375,15.5739157178498,18.928890034946,18.0065304324956,19.2393002153629,13.6213169582183,17.9190853998495,27.5861190556732,22.7337673501396,21.0897421938767,11.7432104120862,17.6739422868111,11.6215691260083,20.3896396746305,6.74976402389261,17.5958780838916,14.3148493610172,25.1756596762791,11.1027719142587,19.2229877201942,18.2679570490655,32.4349418559936,18.0458686743615,11.6241375104694,19.5266476370689,12.196545251569,23.2854776074965,22.0565884501972,13.1870056907824,25.8995202333638,20.4099428057636,12.4421315644413,21.7273035425525,12.3425774961113,18.8989317821738,22.3340807015657,11.7162178672897,22.791971208518,21.3498279457785,23.3216453502479,19.6499057733087,18.040580910833,14.451180204065,17.9290125802694,17.7241132752048,21.5340287388054,19.2373767909853,20.9858908860407,14.8255929218143,18.5994259048938,15.1212353843876,26.9677578309344,19.2707307399688,17.7044246840427,12.5074826522838,16.0028962289691,17.0172721575836,21.2136519713742,19.4690675567252,15.201278156286,24.4479504670238,16.5396920966897,23.3272462915454,18.5442171708709,41,15.75453,18.1195846793253
16.3687435603504,17.6241915431409,18.1387422669773,15.2842281136785,16.1145298360061,15.1568536726443,22.8409713043709,16.324357970812,6.09504589898792,9.02474481374954,8.60601107335856,11.5817268340941,21.9333697473834,8.64698376466661,12.3636104796099,22.3885440603065,13.3655446947089,17.8892776420961,12.0261667569275,16.8608642480142,20.665864199468,20.4220453344965,5.61522361469379,10.9006732080838,14.6230489605069,5.66038681140541,18.3342304883083,9.57479391590228,10.6721367682537,19.2140273329453,18.5620075341054,27.8887885228469,15.927358139684,22.3579182012593,15.8628080254526,13.4723670810621,8.48773491239615,10.9679803245918,17.1697406443598,12.4578665444528,19.6152782348491,11.6625606922211,16.865726723643,23.3687611410604,20.6137018206136,18.4848301519075,8.29853012303322,13.340405331759,10.6298678944847,19.1160418270703,6.33909295483238,16.647951012478,8.59853120419145,22.0491029520593,7.91990577812134,17.3268436063064,14.7090452003343,27.2150208168864,15.3692048498676,9.87282876018247,21.158113045212,13.9525035054029,21.3659878357134,17.5794727518812,8.41368545493039,24.4251279475389,17.2451467017558,10.9630371098834,17.444033154739,11.8812579056314,15.9493494417854,20.6553616112701,10.9349216472817,19.3655834513473,20.5601968464324,23.2188913039827,15.1049504709521,16.2152119170694,12.6896146632139,13.3065575353423,15.8268463907688,17.5286639763675,16.7586487041415,18.8452622727958,14.5750288132141,18.9016165796388,12.2395679480809,21.6351506418149,15.9141329995627,14.265285168491,7.58252427495788,12.0403566662738,14.4169388058324,17.6292133611044,14.9839149091427,12.3584738746865,19.1852035143379,15.9471284300425,15.396095692399,12.2004235066397,42,14.75268,15.4168747826264
11.9115203321509,13.2823007292816,10.4891697902256,8.77722612295507,14.710421949739,9.85175155124706,15.3888127908082,10.4433024802917,3.39875253739137,3.81560555808706,4.34328465401558,10.8070777820917,19.0247465840761,3.83926972913096,9.80114488057013,19.301253918593,8.25121937255599,12.9471587270305,7.53380011534377,11.5570955800161,14.7285852310116,14.039464606216,0,5.6042729116113,13.3228514986331,3.9917002787351,16.2175447841357,6.83658806282216,6.94986831796732,13.4174258201898,16.3416450572189,22.2073651888282,12.3945095636492,20.9156627152535,10.4527473210021,7.51675033596586,6.81993275829822,10.1204274126042,15.0495737472336,8.40019215528248,16.2810358606555,6.9120469593862,12.076866853841,19.1673594854565,14.1212603815026,17.112727484233,3.39277789722438,6.6608562671206,8.22068140682272,14.6805189392895,0.994081311574723,12.6592087302154,2.63801508744393,18.7773866929035,9.03818351988082,13.3587497852053,10.0364599621987,20.0699037795066,12.1076964338987,6.3744073594022,20.0713353447664,15.3364324519714,16.3203506786526,13.9821535527191,3.1730841564951,18.2508237930586,14.906868132437,5.24264477150603,11.7112718143625,12.0587618975451,9.7786305243664,16.722747495283,6.40389743789947,15.3184022456289,16.7690649100349,21.0808180483545,8.59766613037739,9.44463287387494,8.62008227179237,5.68045839508796,11.4215070466179,11.8662204595375,12.4511759887906,14.8570455326678,8.10607247085277,12.399666632929,9.44816335362967,15.1165979676192,10.5585704501852,12.306195803,1.93995710887584,9.84963103504279,12.1264317716777,15.8342290534968,12.3097954419039,7.96951623093247,13.4109259395794,13.578404036355,10.7593199775937,8.54463045185958,43,12.24375,11.80501968979
8.86517813679621,7.9151618198166,3.90594560487482,5.05173921716027,10.7755966466321,2.72046664709121,8.72660010917686,4.03729289197334,2.82764917977465,0,0,6.30920181513474,14.7812909223667,2.85738024736286,5.89897375414423,13.4097732028921,3.47661330115066,7.78728102106896,4.660403740441,7.18827111473435,7.63019037054132,9.18338290925094,0,2.53054768475056,11.351815892167,4.29194599367803,12.8575220059804,5.84313341515162,1.7154563912808,12.5349260834515,12.5068570301161,17.348219564661,7.8500248642932,13.3442808294171,4.9976430400304,6.16930427877167,2.16536740915195,8.0749912797096,14.7300035952243,4.30618513455238,11.6012889813567,2.38677289610932,6.8600739808227,12.372372556864,6.91338934371692,11.7876768429968,0,1.38336457891563,3.60392593426088,9.75020260969086,0,5.22848893730418,0,15.6080533866286,9.19450263448214,8.72557952293092,5.36754132971005,15.2640710982332,9.56817755366868,2.67722907856721,16.8878372611441,13.9579858088724,12.1387977706846,7.21488248174582,0,10.5138882882132,11.4735090571529,3.73254432263194,7.56218436407631,8.53552917381643,4.84651373501588,8.83467936376496,0.408833916839514,9.60501404574411,10.7945128528445,15.3399709981519,0.935515699751932,3.16579678853534,3.09834562270724,2.58139955396651,5.56980110127077,4.282907381466,7.3363656713224,10.0276782646208,5.61468989726211,8.41042407372254,5.72696284952717,8.6942618741347,8.26588551717776,7.23521972064228,0,5.66338587240278,6.81258644686841,10.963696769068,11.7491223747832,6.10563962594251,9.46045476967639,10.6690093624387,6.68772506039913,0.331971282512455,44,7.397791,7.83307655804244
7.55948598467177,2.67924416165342,1.56560232651038,4.31533968910672,7.26589650241579,0,5.14080262885151,1.37731041950232,0.155269039968153,0.0246312314404653,0,1.94659553100767,8.81937801014553,1.51602053876347,3.00272691831607,8.50350477225311,1.39347959391775,4.2063123861775,5.55289390289686,2.79741763513609,0.201784424255034,6.65919991876285,0,0,9.87800940160466,2.55318473616925,9.07399271017091,1.99359955165767,0,11.5693961426459,8.22419239169915,13.8497457169437,5.02036349482587,6.08838898521409,2.42820413742391,4.65975344137361,0,6.9235211081361,10.2988676110138,0,6.6904122970874,0,6.79260432670476,5.31661653690496,1.0303085819618,6.7774098537644,0,0,0.769289003355823,5.90113709749081,0,3.16679756699786,0,12.9816993196805,7.58761039334504,4.31056715190716,0.408085918786644,10.4665431830566,8.36180563162907,0,10.6299960438751,12.2836665259635,5.49816170345951,4.33059152189723,0,7.26593216325677,9.82460434863688,1.80501752298709,2.17620888248374,2.8907479792945,0.133161164251651,3.75523572905038,0,2.89906575079163,5.41846907592239,8.38458486158896,0,0,0,0.996890430878294,1.54978565290503,0,1.95365929113184,9.33980663446555,4.68903695355598,6.31301874409354,3.44436384196523,4.83778271612872,5.87975089901578,4.37390267988744,0.857402101522411,2.74048472972788,1.56732361309451,6.79896001740559,9.64838080417077,4.80340546716553,3.82123426920478,8.51076168236212,1.18685071683463,0,45,2.443583,4.30943055917198
7.43257657660702,0,0.35968174372639,2.29483148080066,3.98844334490032,0,2.65879311219421,0.157399204148019,0,0,0,0,3.12803715850013,1.01187804984813,2.09209849871748,2.9802443295933,2.26295560907617,0,7.56437341615145,0.749163776476538,0,2.02730956469902,0,0,8.02035242136456,3.06768672488531,4.25896003323207,0,0,5.81211888367296,7.21205623881294,8.13536653393541,0,1.69155560576443,0,1.66678908474901,0,6.33891780354721,6.35478974500055,0,2.35813242695921,0,4.41341992514487,2.1588836798841,0,5.60858952715625,0,0,0,4.3586973874604,0,3.03268156338565,0,11.930827688067,5.13475526574288,0,0,4.95746225755381,6.15380005535905,0,5.73377918742743,9.92604609680902,0.362321701255993,1.67899806061087,0,2.82755171398184,6.128086060904,0,0,0,0,0.0251551314630367,0,0,2.40951302600354,2.98797596814543,0,0,0,0,0,0,0.716379237253638,9.97880213580998,4.20543878555979,5.88456367034991,0.415108577017897,0.134301958674698,4.18021743394873,1.74288944730335,1.37386051146376,1.6114747577155,0,5.01288738670584,3.88223010187853,2.59501726292013,0.0917950392512372,5.80460767898881,0,0,46,2.5e-09,1.81369735133277
6.90915665595839,0,0,4.3279143128576,0.946260197943499,0,3.79092136838596,0,0,0.643961191666906,0,0,1.6990156028462,1.50878672303412,0.0587205919741125,1.36160377061967,3.53995143603106,0,8.05962857970888,1.28496761812167,0,0,0,0,7.07201309436147,2.39410191069769,1.44152097191622,0.696328686422485,0,5.05493128652941,7.62114768029381,3.35683734498837,0,0,0,1.25979658975332,0,3.82999714653838,1.67182180648929,0,2.98256938561371,0,2.76637678507076,0,0,2.04157907871554,0,0,2.932163451988,1.75488840226925,0,2.68150567164179,0,8.77460478686308,5.46215872750078,0,0,0,5.185431519169,0,6.68001118326851,8.13640073361938,0,0,0.782238302759667,1.79010160719075,6.3842780276903,0,0,3.34538045098252,0,0,0,0,1.02825620799286,1.33482533985301,0,0,0,0,0.0794424440124919,0,0,8.57596652273665,5.67035777050646,5.34027201478625,1.11406115353109,0,1.38436959351359,0.753006138701477,3.0707215306522,0.432965045862439,0,4.5486874094464,1.10582379715107,2.71576004322486,0,4.58206114322477,0,0,47,2.5e-09,0.736566749872789
6.69346209111702,0,0,7.94817817619498,1.36061928288606,0,0,0,0,1.2510650737392,0,0,0,3.18618091254954,0.766830448794705,0,3.57603276570588,0,9.4877576469645,3.60826177427426,0,0,0.548527834992375,0,6.28515686185565,4.26175210922259,3.1856759884532,2.92265420929156,0,3.70755118321174,8.72288441023333,0.776829551205891,0,0,0,0.609632161895526,0.856901540227475,3.19722717009572,0.223044064442652,0,0,0,5.85383109859487,0,0,0,1.58596038496556,0,1.98329269308016,0,2.03722380451767,3.36030380938866,0,7.22855781638357,6.12835913753852,0,0,0,6.89159050722343,0,8.53192636404637,9.89741617239111,0,0,0,5.45006464799101,4.55762465898981,2.82217138486099,0,7.58059539360986,0,0.224237890461465,0,0,0.866900841091288,0,0,0,0,0,1.10323737259397,0,0,7.89302830616994,8.14036929754152,3.0088016503374,3.70999106570456,0,1.45444417207893,2.05320499068106,3.89283632379199,2.641157584291,0,1.14673010243418,3.50471860140268,1.98476578857825,0,7.42663956216557,0,0,48,2.5e-09,0.845363043936206
10.5887092917843,0,0,8.43929404036502,2.03503200655891,0.30221177427251,0,0.037767055050673,3.05426003742105,0.395498135515459,0,0,0,7.20728411270764,3.31334848246132,0.828799309210932,2.31154157535515,0,10.17604770047,4.19750870195834,0,0,3.36994333710688,1.52651381952171,7.32141369787547,5.98003348682528,2.09819113835979,6.10092446743789,2.41005987468844,6.01811092155725,7.77926259618234,0,0,0,0,3.51783223495368,3.60582305039375,3.19749047434894,0.725494186657984,0,0,0.577775624617156,7.65918802355856,0,0,2.79576775261279,5.43614767305081,0,1.36263344432249,0,8.25094534074139,3.00362559893695,2.08078381195314,2.83401211328037,7.37292994570371,0,0,0,7.39253737681913,1.64991621285507,11.0776542847697,8.99958871491426,0,2.82131882231143,0,4.8796947162785,5.10811747784996,6.37245269929936,0,7.76859910205594,0,0,0.702470466706931,0,0,0,0,0,0,0,3.7122638268207,0,0.654490549698031,5.65112021800865,10.7154526198213,3.7947067653852,5.00673613447692,0,1.18435212832374,2.73668387450466,2.12894659445615,3.34595767483866,0,0.885889327470257,6.03241607356957,4.68423588058187,0,9.26678507691564,0,0,49,2.5e-09,1.54303577506596
13.113450069738,0,0,9.74700731134904,3.43399987188638,0,0,0,6.33817851873649,0,0,0.104305199254434,0,9.65451062417587,5.95107193213206,1.89083707230303,1.34911941503125,0,8.82370674653018,3.40721334503779,0,0,5.31035585875191,1.70665811217466,9.83414944010018,6.63667856485985,5.06002542774565,4.76913369957055,3.71132165466154,4.26302885847935,7.7903384718864,0,1.91798293606209,0,0,2.85302351614977,4.23693317689431,4.07814097381748,0.427975074666549,0,0,3.74909950259145,7.83599398143059,0,0,2.5730918283455,6.55069549881336,1.87361295411594,1.88857437522331,2.13171917330187,12.2113107447581,4.98671275377653,6.36225457916918,0,6.78376316048193,0,0,0,6.13871494706486,3.38402921211448,12.2950056652856,10.5557018120069,0,3.08334518095244,2.36995693493531,2.31521185451022,5.32767878264293,6.6851287200396,0.43066021620723,6.63527930280765,1.08230067659522,0.0448409556532132,2.67527211833503,0,0,0,0,0,0,0,3.65313468024787,0,0.830690084271489,5.84032995636455,9.6672638436895,2.54460301026747,7.58621181395301,0,1.39422806208813,4.32076160236115,8.23223250791288,7.94540889788764,1.53892317162,1.4086119296337,4.52406604094883,6.60753729783734,0,12.3643768971882,0,3.14353443105871,50,2.5e-09,2.21477418863063
13.1019396339899,0,0,9.5468186906627,1.94184838770598,0.924058938762157,0.526164369789928,0,7.67498483103679,4.29171114334905,0.682621993628056,2.31930375161721,0,10.373726278047,8.30762138711644,0,3.17148850220628,0,8.79401121115147,3.50616773853852,0,0,7.79252142368079,0,7.83927036752578,7.93043378693865,3.62561524222565,4.6729204112524,6.43089347928912,2.34812546203446,6.68057645958501,0,2.75931381138594,0,2.78218491580054,1.50095492884882,5.53356689024744,5.14251546375383,0,1.14778313395736,0,5.77994764269838,6.42488898281958,0,0,2.71069558820048,11.2682741648814,4.25089902355478,0.857215848593629,3.24514508181583,13.339710507187,2.55962046645421,7.61446043183019,0,8.42268666698745,0,1.17792858593311,0,6.15236619893358,4.20775495429545,7.11464032648817,7.76026371780237,0,3.16450293397602,4.99914360705611,0,3.90142658798605,8.10087944319389,2.64753764140554,7.79422538440839,2.36542658233931,0,1.77999915235471,0.783859151170663,0,0,0,0,0.173731723382513,1.6380230014263,2.28236732375065,0,2.38066207535279,4.55043454149861,7.47951635676058,2.91711869719542,8.60929790886544,0,0.810314853267288,3.2632637799972,9.64262892044512,9.54144946165214,1.75761425962374,1.75669758700622,4.3608986004006,8.64997100380473,0.539309755370733,8.98050291450407,1.30591733537077,3.19575675598305,51,2.5e-09,2.44897867847314
