"V1","V2","V3","V4","V5","V6","V7","V8","V9","V10","V11","V12","V13","V14","V15","V16","V17","V18","V19","V20","V21","V22","V23","V24","V25","V26","V27","V28","V29","V30","V31","V32","V33","V34","V35","V36","V37","V38","V39","V40","V41","V42","V43","V44","V45","V46","V47","V48","V49","V50","V51","V52","V53","V54","V55","V56","V57","V58","V59","V60","V61","V62","V63","V64","V65","V66","V67","V68","V69","V70","V71","V72","V73","V74","V75","V76","V77","V78","V79","V80","V81","V82","V83","V84","V85","V86","V87","V88","V89","V90","V91","V92","V93","V94","V95","V96","V97","V98","V99","V100"
2.5e-09,2.5e-09,2.5e-09,2.5e-09,-0.803590556418312,2.5e-09,-0.648751847694982,2.5e-09,-0.000212536121416236,-1.06811435461854,-5.0174175238921,2.5e-09,-2.07289109188266,-0.124556103524667,2.5e-09,-0.857868648520126,-1.74874563424291,2.5e-09,-3.47461558197483,2.5e-09,2.5e-09,2.5e-09,-1.28883419522263,2.5e-09,-2.670115380584,2.5e-09,2.5e-09,2.5e-09,2.5e-09,2.5e-09,-0.670667659198872,2.5e-09,2.5e-09,2.5e-09,-0.132564175377987,-2.33666715067737,-1.09028497019862,2.5e-09,-0.271353934771293,2.5e-09,-2.73848320443503,2.5e-09,2.5e-09,2.5e-09,2.5e-09,-0.738146586260382,-1.09302873755555,-0.0453858092930901,-1.92438448794774,-3.15393775027543,-1.88588563297416,-0.609163253412502,-3.40140227123802,2.5e-09,2.5e-09,-2.24007168780677,2.5e-09,-2.19899745219791,-3.28662714125438,-3.08617848096435,2.5e-09,2.5e-09,2.5e-09,-0.295293438028015,2.5e-09,-0.524300892304315,-0.113333615719786,-0.53242109539507,-1.43587413311492,2.5e-09,2.5e-09,-0.0618305330624775,-0.118853207597106,2.5e-09,2.5e-09,2.5e-09,2.5e-09,-0.111572262158652,-1.57350941591194,-0.424995148913826,2.5e-09,2.5e-09,-0.00640475103607695,-2.2683234278979,-1.33771107145559,-1.39334132532698,2.5e-09,2.5e-09,2.5e-09,2.5e-09,2.5e-09,2.5e-09,-0.28294363581316,2.5e-09,2.5e-09,-3.02084194771289,-1.84646905494061,2.5e-09,2.5e-09,-1.42610900144986
2.5e-09,2.5e-09,-1.19791920703325,-2.07364661986541,-2.63256915843828,-0.898806796726845,-0.509726201720897,2.5e-09,-0.778326717040541,-2.0921044565594,-3.61499568198421,-0.320727899756696,-4.59754995518409,-2.59512710303096,2.5e-09,-3.96279156283574,-3.09391844710652,-0.358739756097565,-6.41334752029682,2.5e-09,-2.29172063909415,2.5e-09,-2.94507975558899,2.5e-09,-5.68271641977344,2.5e-09,-1.10482890775162,-1.64641298894293,2.5e-09,2.5e-09,-1.86178070173634,2.5e-09,2.5e-09,2.5e-09,-0.852169454425889,-4.80873692190305,-0.946478901427265,2.5e-09,-3.23160563292226,-3.68373344227358,-4.15277160482116,-2.52204644936855,-1.04123952350221,2.5e-09,-0.253188231564235,-3.74190975034131,-2.2999311733056,-0.599832672193745,-4.43587123285394,-5.4428535303752,-4.77807173507996,-1.85872274448893,-4.96439774560156,2.5e-09,2.5e-09,-3.56290533940614,-2.42424810044737,-5.61665979383448,-5.824221922314,-3.67788876308414,2.5e-09,2.5e-09,2.5e-09,-2.13527517058926,-1.5668563264487,-1.54589006586593,-2.99603367748121,-1.74035253027257,-1.36800400319414,-0.551530783502408,2.5e-09,-0.668152265499107,-1.07914777103257,2.5e-09,-2.5141496765924,2.5e-09,2.5e-09,-2.31751023732697,-2.05533124611442,2.5e-09,2.5e-09,2.5e-09,-4.51734462586001,-5.24193004820613,-0.84613574711842,-4.7807229265508,-0.957614141314678,2.5e-09,2.5e-09,2.5e-09,2.5e-09,-0.661944072789284,-2.33970077971677,2.5e-09,-2.37590425095143,-3.65268762488889,-0.812087700312682,2.5e-09,-1.12312415851087,-3.86176661044442
2.5e-09,2.5e-09,-0.542180523198327,-1.10897091445395,-1.54621843239333,2.5e-09,-1.50414128534338,2.5e-09,-0.367904417416174,-3.62371797015812,-1.6354501613308,-0.231061636350582,-3.22383746373052,-2.81087710425887,2.5e-09,-3.99501986609181,2.5e-09,2.5e-09,-5.60319585922941,2.5e-09,-2.78246133479013,2.5e-09,-1.05905542759648,2.5e-09,-4.84762401784968,2.5e-09,-1.09422316979356,-2.86199515750251,2.5e-09,2.5e-09,2.5e-09,2.5e-09,2.5e-09,2.5e-09,2.5e-09,-3.06277220736375,-1.16815859736368,2.5e-09,-2.84878723974176,-2.65943853052332,-1.2215084046703,-3.99385646456668,-0.561171771510881,2.5e-09,2.5e-09,-5.68626204042893,-1.85965040270808,2.5e-09,-2.3259728239462,-1.39368992447033,-4.38122042981503,-2.18966946813231,-3.66175627946663,-2.40025146917016,2.5e-09,-0.0215088707358693,-1.55578736582407,-5.79861499553347,-4.91724849929073,-2.63928353326871,2.5e-09,2.5e-09,2.5e-09,-0.874884067977534,-0.373222294721581,2.5e-09,-3.28337692032963,-2.06062976178631,-2.16674007781381,-1.26755244184983,2.5e-09,-1.08287069810298,2.5e-09,2.5e-09,-3.63277519028734,2.5e-09,2.5e-09,-0.988148250308831,-1.47868786561411,-1.78852650537758,2.5e-09,2.5e-09,-3.1343793270529,-4.78501722195875,2.5e-09,-5.27421428261637,2.5e-09,-0.279984645059874,2.5e-09,2.5e-09,-0.723704438960594,-2.52315283716089,-1.97322231130291,2.5e-09,2.5e-09,-2.68580924055916,-0.970886797073596,2.5e-09,2.5e-09,-2.77018421074956
2.5e-09,2.5e-09,2.5e-09,2.5e-09,2.5e-09,2.5e-09,-0.86006235371307,2.5e-09,2.5e-09,2.5e-09,-1.27761067081843,2.5e-09,-0.713747428688626,-0.568249485042208,2.5e-09,-2.69394047711129,-0.387012468806422,-1.68216549235582,-4.50177573785075,2.5e-09,-0.854451984991304,2.5e-09,2.5e-09,2.5e-09,-3.65658564882315,2.5e-09,2.5e-09,2.5e-09,2.5e-09,2.5e-09,2.5e-09,-1.76858975696906,-0.746587060736609,2.5e-09,2.5e-09,-3.32071734359852,-0.893402304297872,2.5e-09,-1.08400141598778,2.5e-09,-0.958602420909006,-0.385341592499137,2.5e-09,2.5e-09,2.5e-09,-2.17987110202009,2.5e-09,2.5e-09,-0.0488022790640452,2.5e-09,-0.0599390746513244,-1.42072633134814,-2.3446058283916,-0.966092196062932,2.5e-09,-1.01327284117687,2.5e-09,-0.857087362948682,-2.91944874514154,-3.22458546948475,2.5e-09,2.5e-09,2.5e-09,2.5e-09,-0.833962367993958,2.5e-09,-5.11486843221577,2.5e-09,-0.881107046474215,2.5e-09,2.5e-09,2.5e-09,2.5e-09,2.5e-09,-3.0350824110258,2.5e-09,2.5e-09,2.5e-09,2.5e-09,-1.66327824842778,2.5e-09,-2.03548558207875,-0.19394910760328,-3.59154066938035,2.5e-09,-0.443600946126926,2.5e-09,-1.64638262286832,-0.627391419655702,2.5e-09,-3.43622523289292,-2.18346418287795,2.5e-09,2.5e-09,2.5e-09,2.5e-09,2.5e-09,2.5e-09,2.5e-09,-3.69743784944314
-1.6714190033948,-0.295278386991864,2.5e-09,-3.29110565315684,-3.94452146129232,2.5e-09,-1.21765796996894,-1.25860220552897,2.5e-09,2.5e-09,-2.07104889538428,2.5e-09,2.5e-09,-0.681895485676824,2.5e-09,-1.2280831818788,-0.728090253026654,-2.23494539981457,-2.15668806634211,2.5e-09,2.5e-09,2.5e-09,2.5e-09,2.5e-09,-8.07302056638051,-0.0873604577867948,2.5e-09,-0.494906027218842,-0.842328494670274,2.5e-09,2.5e-09,-2.12405606268852,-1.53331316865792,2.5e-09,2.5e-09,-3.71032762990847,-3.97904813057223,2.5e-09,-2.34910990081802,-2.00329529528002,-3.11315765315661,-0.611182520885943,-3.61904097118259,2.5e-09,-1.29299739838455,-3.44581388358075,-0.0505656110010577,-1.00602748174138,-1.24473081718163,-2.34271307007552,-1.6889225948187,-1.63794619127565,-1.53306901671578,-2.22716032372199,2.5e-09,-2.85992075985813,-1.20720296937879,2.5e-09,-4.75831482708786,-6.02765475525591,2.5e-09,-2.99971212646942,-0.126257130552273,2.5e-09,-4.17610524040453,-0.875748704169572,-6.82046089557238,2.5e-09,-0.557887434363269,-0.852927829873222,2.5e-09,2.5e-09,-1.57888142682783,2.5e-09,-4.81478546492584,-1.41414719418111,2.5e-09,-1.26808821427671,2.5e-09,-1.08510802209926,2.5e-09,-2.38707220712059,-1.56973475580742,-1.42205986845852,2.5e-09,-0.828878966245698,2.5e-09,-4.13766916813528,-3.37675214751736,2.5e-09,-3.0806727821133,-2.84731589363345,-2.93269857072281,2.5e-09,2.5e-09,2.5e-09,2.5e-09,2.5e-09,-0.763805589481618,-4.52728957163342
-4.53009855816937,2.5e-09,2.5e-09,-4.82215450816296,-3.41226388480777,2.5e-09,-3.43413519120607,2.5e-09,2.5e-09,-3.09196255244393,-4.35531903103997,2.5e-09,2.5e-09,-1.26944863556425,2.5e-09,2.5e-09,-1.58322220330518,-2.4736194040399,2.5e-09,2.5e-09,-0.486660859074781,2.5e-09,2.5e-09,2.5e-09,-4.99193864693578,2.5e-09,2.5e-09,2.5e-09,-2.71815626893212,2.5e-09,2.5e-09,2.5e-09,-1.48254165683326,2.5e-09,2.5e-09,-2.47825378021692,-4.29184038335432,2.5e-09,-0.705267317203147,-1.94082017900168,-2.29817748645088,-0.0784736207723935,-2.84327676729174,2.5e-09,-2.7361374645465,-4.14056421396422,2.5e-09,-2.88667531993278,-3.17095113517449,-4.97739805369281,-0.340402179809117,-1.69791693362123,-0.391835222102722,-1.57257618432398,2.5e-09,-3.30109931239617,2.5e-09,2.5e-09,-5.53782429607412,-6.96236437184518,2.5e-09,-3.52987340594334,2.5e-09,2.5e-09,-4.59454975020986,2.5e-09,-4.80749303438878,-2.05468135947993,-0.995874761920253,-0.574622302144314,2.5e-09,2.5e-09,-4.61860828345282,2.5e-09,-1.08076705515948,-3.49828558312,2.5e-09,-1.16505879135593,-0.461326342497061,-1.4879360652371,-0.267849868387995,-0.719543811181062,-1.23367805084708,-0.662270240884351,-0.69717194249134,-4.04194865002241,2.5e-09,-0.542472407066206,-2.05645206268293,2.5e-09,-2.55428701870791,-1.54539411000208,-2.62681948762571,2.5e-09,2.5e-09,-1.94421419870923,2.5e-09,2.5e-09,2.5e-09,-4.09048342862757
-2.03752122379763,2.5e-09,2.5e-09,-2.53945844282242,-2.38197171255591,-0.00410985024772546,-3.53614592815367,2.5e-09,2.5e-09,-0.534880156905264,-0.432618292743293,2.5e-09,2.5e-09,2.5e-09,2.5e-09,2.5e-09,-4.79200440088679,-2.87139597041937,2.5e-09,2.5e-09,-1.6478400677206,2.5e-09,2.5e-09,2.5e-09,-2.42270842085581,2.5e-09,2.5e-09,2.5e-09,-3.00233617908733,2.5e-09,2.5e-09,2.5e-09,2.5e-09,-2.33028823730174,2.5e-09,-2.75455921965789,-1.09169954597577,2.5e-09,2.5e-09,-1.44920676906528,2.5e-09,-1.42116318218779,-0.865417706265432,2.5e-09,-3.44474996882672,-1.91317710164081,2.5e-09,-1.7826282008545,-0.962968545414229,-2.80857480593312,2.5e-09,-1.8680759700143,2.5e-09,2.5e-09,2.5e-09,-0.598422084796148,2.5e-09,2.5e-09,-2.93303580163466,-3.20678869133012,2.5e-09,-1.5881322911431,-0.297753801353247,2.5e-09,-3.0683876752886,2.5e-09,-3.52146958752269,-4.98696502506498,-0.906609207564874,-0.16346774302954,-0.525921723766107,2.5e-09,-2.70277812388369,2.5e-09,2.5e-09,-6.80991336850421,2.5e-09,2.5e-09,2.5e-09,2.5e-09,2.5e-09,-1.55938015280612,-1.96363717506707,-1.90060021718422,-0.671097682059103,-1.64512101276056,2.5e-09,2.5e-09,2.5e-09,2.5e-09,-2.70504481539353,2.5e-09,-1.51486019639494,2.5e-09,2.5e-09,-2.02510146148423,2.5e-09,-0.426092149074764,2.5e-09,-1.346648198193
-1.2420063515577,-1.93044098380559,2.5e-09,-0.899101644013035,-1.26783649882507,2.5e-09,-2.97343429324597,2.5e-09,2.5e-09,2.5e-09,-2.07157914591431,2.5e-09,2.5e-09,-0.620141807707715,2.5e-09,2.5e-09,-5.28533172246168,-4.24231244381078,-0.264466591366321,2.5e-09,-2.53647607079319,2.5e-09,2.5e-09,-1.90442005216476,-1.57896958952429,2.5e-09,2.5e-09,2.5e-09,-5.13083664360849,-0.436207523269686,2.5e-09,2.5e-09,2.5e-09,-2.97083183243814,-2.18714003232887,-3.20479836430984,-1.24682121558505,-0.0856988579901572,-1.28882694330587,-1.35549729781628,2.5e-09,-0.0110940327840831,-0.430316716162494,2.5e-09,-1.28970721492549,-2.0259558050843,2.5e-09,-1.84222773030704,-2.34276917187219,2.5e-09,2.5e-09,-0.0223334152233809,2.5e-09,-3.13198766102612,2.5e-09,2.5e-09,2.5e-09,2.5e-09,-1.31155141541915,-1.74570326794091,2.5e-09,2.5e-09,-1.85167391210906,2.5e-09,-3.43879913798182,2.5e-09,-2.44675653519573,-4.82546250558135,-1.70486713156221,-2.40103756310443,-0.0713331591543487,2.5e-09,-1.62165365874482,2.5e-09,2.5e-09,-4.82277481270099,-0.506842111498482,2.5e-09,2.5e-09,2.5e-09,-0.164799682073621,-0.264920823257961,-0.0211898839715518,-0.541247298289252,-2.16795491034459,2.5e-09,2.5e-09,-0.194710769270589,2.5e-09,2.5e-09,-1.75838494473406,2.5e-09,-0.43913185498173,2.5e-09,-3.01260100318109,2.5e-09,2.5e-09,-0.932693909868457,2.5e-09,-0.997015335028772
-1.31551751350949,-5.49582094627425,2.5e-09,2.5e-09,-0.948777347779751,-1.98954338287129,-2.4323835990909,2.5e-09,2.5e-09,2.5e-09,-2.53007738090279,2.5e-09,2.5e-09,-2.40084554249339,-0.531259791844461,2.5e-09,-6.04041426204954,-3.69808852578604,-1.73183473280811,2.5e-09,2.5e-09,2.5e-09,2.5e-09,-0.69652201592229,-2.91238621013032,2.5e-09,2.5e-09,2.5e-09,-5.98512967086184,2.5e-09,2.5e-09,2.5e-09,2.5e-09,-2.05388764239927,-2.83642257128671,-2.18915417183577,-2.23735396303953,-1.33739725326748,-0.0313954665011924,2.5e-09,2.5e-09,2.5e-09,-1.43875562895347,-0.616514108948518,-1.88333803657698,2.5e-09,2.5e-09,-2.45279729044568,-2.85469944299042,-2.51179327332019,2.5e-09,2.5e-09,2.5e-09,-2.63045273821723,2.5e-09,2.5e-09,2.5e-09,2.5e-09,-2.30866057997346,2.5e-09,2.5e-09,2.5e-09,-3.60400595458519,2.5e-09,-1.85279100806508,2.5e-09,-0.807882892289222,-1.68823659005014,2.5e-09,2.5e-09,2.5e-09,2.5e-09,2.5e-09,2.5e-09,2.5e-09,-4.46037312743882,-1.22190495999124,2.5e-09,2.5e-09,2.5e-09,-0.399334579068461,-0.798048938274925,-0.196246365073251,2.5e-09,-1.90337638504931,2.5e-09,2.5e-09,-0.949082522998136,2.5e-09,2.5e-09,-3.03439354327184,2.5e-09,2.5e-09,2.5e-09,-6.5728130732045,2.5e-09,2.5e-09,-0.803554026889741,2.5e-09,-3.10910103784073
-4.40233203486642,-9.07599577093675,-1.8027591910935,-0.539143518281461,-3.47851145681292,-1.19697880643612,-1.11867245302084,-1.45745959933678,0.3860824,0.3860824,-2.21766478300447,-0.485124827966387,0.3860824,-3.23652220044808,-2.91122448806594,0.335765568930989,-5.62532793855069,-1.27752364172343,0.3860824,0.3860824,0.3860824,-4.99471585072223,0.3860824,-1.73379623473591,-2.18119670466195,0.3860824,-1.49168796203762,0.3860824,-3.65841524576172,0.302319603274489,0.3860824,-2.21540380114164,0.3860824,-0.803665412635153,-6.19186553997697,-1.97101005689253,-2.49081923389672,-5.11423280402175,0.3860824,-2.27737974618383,0.3860824,0.3860824,-3.75296557961053,-2.56799540872832,-2.11949987105838,0.3860824,0.3860824,-2.10442106272388,-3.10897866116363,-1.64346745713562,0.3860824,0.3860824,0.3860824,-2.56761166000957,0.3860824,0.3860824,-0.508380637556692,0.3860824,-1.71692476453583,0.3860824,0.3860824,0.3860824,-5.06859912528957,0.3860824,-3.14526320896439,0.3860824,-1.4413629859409,-0.596912761429994,0.3860824,0.3860824,-3.02738155837291,-0.00107773523692362,-2.71460453200493,0.3860824,0.3860824,-3.4755822977717,-4.33836550820474,-0.244951239783211,0.3860824,-2.55216540241647,-0.506787493747013,0.3860824,-2.08580311673725,-2.03373420956975,-2.50173404911575,-1.31902180664713,0.3860824,-2.39097850757903,0.3860824,-0.393009524300007,-2.15918291264966,0.3860824,-0.553184844783904,-1.39940687585442,-5.53754944715165,0.3860824,-3.32850171865908,0.232775087824434,0.3860824,-5.74179418281755
-2.54398721302475,-8.17216891079805,-4.18172167621318,-1.31232751922845,0.00517950331425299,-1.71244764221084,-0.58254975452398,-3.52822504790164,-1.19973409525163,1.58765366156537,-0.592976971560708,-0.556483794194909,2.52779819599187,-1.60835452975852,-1.78870022631353,2.784282,-4.2830594977451,-0.438823102840051,2.72295842011451,2.03513522771535,2.784282,-7.63704407173501,2.18722345984185,-2.22083880644291,1.46603070704882,2.784282,-2.38233796394925,2.784282,-5.06108803507794,0.468002678850515,2.04479455728769,-1.14042161578974,2.784282,0.2104592656368,-3.30126057954607,1.79727328674478,-0.642486738776585,-5.22878297740642,2.45886948351781,-0.636207831795524,-0.232325328814182,0.500963086677042,-0.969620590510987,0.623192224531153,-2.28137124853355,2.6064953612896,1.29376904046752,0.126191526356377,-0.68919601846332,-2.119868493398,2.31809810658253,2.784282,2.66417385159251,-0.0815125048618923,2.784282,2.784282,2.47710937569525,2.784282,2.39520883649685,2.784282,-0.823831279126796,2.63026456716115,-1.13316077081727,1.99552537870554,-2.08850097557408,0.948925454533786,-0.502325729849276,1.67639428326072,-6.15524270313504,-0.855113135040907,-2.63144852530283,1.10315366277939,-2.02135032212783,1.99373342677736,1.98463530235918,-0.377669506707756,-2.09924482967037,-0.0450919268725993,2.784282,-4.64171993386404,-0.0645695872204959,2.76530631107369,0.914746383203641,-1.84634801020637,-2.10295152575703,1.49866940736783,2.784282,-1.05128967112304,-0.99027844009355,0.161327832232804,0.837661976760856,2.784282,0.857499519722931,1.19585513599578,-3.76417050130429,2.784282,-2.89848763504442,0.589262998144975,2.59669404068553,-2.84684626231847
1.14634812202046,-1.9715954271856,-3.25699810586401,1.53394820589955,2.43743124612246,-0.862361855947889,0.265917951428334,-2.22204105867433,1.3658242824539,1.50108812182054,2.19829307503104,0.019044737185423,4.91223639303237,0.869674673691387,-2.26442756578396,4.45803232531854,-3.73222710110207,0.362040053198212,0.964500459105038,0.129521818129591,3.48636700026375,-7.08249791599216,0.437549820911859,-0.972510554473583,4.09366534962495,5.01065246969895,-1.36622667748908,6.56344928742505,-5.36836367710145,2.49108750180283,-3.15676845053538,1.63173653224704,6.97065426699998,2.39801678435423,-1.54458314882467,4.43994110495586,-0.207334189855149,-1.16798182706678,1.80907939239834,0.588402990332584,0.485582006471851,0.934050222678101,0.57562513226628,1.6323662898778,-1.29847553217937,7.17067181762748,2.23879608535971,2.45574331485457,1.76281003327369,-1.16587227472121,-1.02101256061877,7.750957,6.59720037373349,5.97697620858011,4.74835313431136,5.25753751620859,-0.516391757944223,3.07840526654045,1.0948024572736,5.309516686522,-2.01012627865733,2.7257263130017,-1.71554832661116,4.65149167620362,0.990453959111061,1.03634803977493,-0.45157699092551,0.707070784631521,-5.49593499013031,0.444744438371638,-0.185525037620045,0.913816701338839,-0.681935211926557,2.03176364953857,2.39908189575014,1.2265123948946,1.1719207920581,1.93432511813704,5.95191613748243,-2.46383592304106,5.02142934630547,5.03594287016839,1.07189551217542,1.50753687710662,-0.849336580981905,4.7029845721051,1.86128957244258,2.12190258546841,2.38092932436745,0.167895355353926,-1.7541725422092,4.0196743597034,0.364036862037458,2.03990007257877,-0.389889086937108,5.10725643340622,-4.11883908883215,1.56741554106353,0.825750842234021,-0.0930826662624584
-5.80039859070807,-5.00324541887636,-6.60484922473962,-5.64588661619224,-6.38027160809828,-6.89460534761019,-2.80885323663451,-10.6824590289122,-1.52504491211481,-3.97149996377304,-2.39251941515583,-6.01268737311511,-3.17915642324923,-7.29057626235382,-8.44958975067822,-2.18704691758856,-9.41105245299018,-3.73688225846217,-5.72285507822051,-8.91261872055437,-4.03950676567703,-11.0683234734265,-5.7616547784302,-7.58929978288767,-1.84568987389707,-1.95967724484982,-7.09217603942652,-4.19161483030085,-10.506929238693,-4.06889111644334,-10.0552832696722,-5.10863847283207,0.0529340394907569,-2.66821845803675,-7.67371446463673,-3.00709655413438,-3.90120375480127,-9.03612567992079,-3.63708096153792,-7.05459740937085,-5.92981095180439,-7.08673124019661,-6.55806175653704,-9.76743405874565,-8.34708561186559,0.607108711416513,-4.76130924364011,-3.66761914794877,-2.04892770865583,-5.68279928489361,-6.02366246600806,0.210278637560235,1.39122243769328,2.71507273531785,-4.53645544064979,-3.81411010907731,-8.13904696517186,-5.79204606280952,-4.27936297528837,3.72405744570141,-10.9968455650073,-2.65670472994359,-7.26932257092492,-4.65678552971005,-4.56421002663548,-4.31271290800494,-6.40407808856305,-5.99009267520453,-8.59395017694743,-8.63543688486033,-5.67530492638955,-10.1764522809024,-6.74509195648865,-4.45447856296688,-4.61576638613134,-2.99520837487719,-6.96686331321266,-4.82402881881817,-0.548657616615965,-7.39982304023938,-3.1238190434764,-2.23077210782822,-4.48839789807577,-4.79183579570169,-6.64882980704029,-1.09213200305013,-5.37863924017083,-5.20038129141326,-6.1987841061884,-8.11650612257786,-4.78665567515002,-3.64728975582698,-8.56278334232024,-6.29539650946178,-5.77832503977317,-0.856035987137798,-8.93733951631024,-4.10670525245182,-6.70910280513925,-6.83503832477316
-8.5392335167927,-9.77216325721948,-10.0898210707977,-8.92333798024025,-9.78191563665638,-13.4965269047254,-7.85988603906924,-15.2586252693015,-8.46220760957911,-6.94161083234091,-3.58454103531434,-12.4043197149196,-9.26313149935808,-12.8465834009247,-9.8358452913446,-6.66261027223564,-11.4073520100955,-7.71114122330622,-8.53574625113778,-13.5118296912873,-8.60258446499829,-17.230752781385,-9.44210314352262,-11.0168398538057,-5.42568533510794,-8.05981297693439,-9.03557637050915,-8.7089996690453,-13.9943198125757,-7.70962277667429,-14.7298206342313,-8.63951012939815,-3.20018628806858,-5.5596166848177,-7.73048644671698,-3.10999012688088,-6.09322308189372,-13.0463899558891,-5.29817240735849,-11.9081662194218,-10.1174645368758,-10.8116584492643,-8.33884624331101,-15.9127304493108,-10.7896776275774,0.0906304960688598,-9.67525580324448,-8.11895866605958,-3.77353986330521,-4.66288692549135,-10.4247500278925,-6.52355450609933,-4.83166817872973,2.27336160881036,-11.3528355500433,-6.79873309642285,-10.9788536189435,-8.15248074862198,-7.10760964253277,2.40824866162745,-15.4869259144955,-8.62858201558807,-9.31594048926269,-8.0892618412414,-7.86847799658816,-8.22937386162792,-5.21596725131255,-8.12432117436717,-9.19950240077728,-12.8879182749466,-7.61906579555697,-15.8957447957333,-8.93846110445635,-13.0519985064628,-10.3621282526468,-9.92035093577995,-10.3405410117654,-7.41498328964489,-5.04292758702802,-14.2589765403471,-8.32986646417022,-9.91359274899264,-5.02462680396446,-7.01611739728098,-10.7914618912495,-3.90972320801823,-11.1260646070549,-10.426614280569,-10.1889937919537,-13.1625995351125,-7.42058720332439,-9.20744781979906,-15.0092746961782,-13.7839766801049,-7.74291483668167,-6.56634298091902,-14.9637917508559,-10.1174581691397,-9.525282335419,-11.4846140168729
-6.8069840640576,-9.58378689384452,-7.46826000669118,-4.79385658560327,-4.80650918561256,-8.0798876038319,-4.59828469550519,-10.7353492543312,-5.8832798755019,-4.99198281651607,-0.375423372273142,-9.21059829455853,-8.45281295533377,-10.5548444340287,-8.97680669247172,-3.04041260146527,-5.77684072340518,-3.70572537064352,-5.62480589548165,-14.6120309528338,-5.53188837978449,-17.6744650148339,-7.1317982113911,-8.54694227278929,-2.95530557136985,-5.25804007545341,-7.75338509157163,-7.89475218183355,-9.28249934420996,-7.40543317571471,-12.4875397316944,-7.52307508671989,-0.948263252602848,-1.41584632120854,-6.88064804484947,-0.426459954550308,-3.66316400525241,-12.8406102691517,-2.02777235655016,-8.46724857375052,-6.53438336929225,-6.27831050489261,-5.17711348616259,-15.9858091961746,-8.02495540661379,4.30326747246658,-10.046082116721,-8.33080766759805,-1.91758169851833,-3.92847585814078,-4.64981715998486,-6.30184332233364,-4.1291137215146,1.9663581965414,-7.90794054315677,-4.84593032072358,-8.18047889105422,-3.76054624728709,-3.13119577648449,3.74437315426092,-11.677335195362,-7.46969496826386,-6.70415073070609,-7.97069963355775,-5.40081637964241,-7.28632156555038,-1.12432874103974,-6.11466027841762,-6.98652886125881,-8.69451288294816,-9.01026212381515,-13.0749458452136,-7.00594826434036,-12.3156906282147,-8.35091054367292,-8.83087563818219,-5.62281259246742,-3.08354358748345,-4.44551451360179,-12.554585899454,-6.62672185240688,-7.92625947625595,-4.70079912322487,-6.48095179692102,-7.91540249268773,-1.25046921057658,-10.521911053988,-9.99231189555477,-11.0339512641842,-11.9134500243321,-2.90224432321169,-6.15842104806794,-12.6359067685205,-12.9716969415116,-2.34710867665172,-3.87767673289947,-14.939395107332,-9.97416926047658,-7.54090194372163,-8.21097312602902
-6.54885357902289,-6.01669173122723,-5.14231775865848,-5.03325163779861,-2.48732161398565,-4.76200521890463,0.984111506456022,-6.83074821086651,-6.04410720542888,0.83308755122342,1.89135084356406,-6.62165362287286,-6.68113219606748,-7.11254393231135,-6.54713124844713,-0.54399091538633,-0.46150148373651,-1.64266745573094,-2.22374879909087,-11.819236816224,-1.6506827778502,-15.1680792869479,-6.42532971743866,-5.49790375790356,-1.8340588951473,-2.17569706839425,-5.66865504042917,-5.07835603438234,-4.51409950558894,-6.15007059115795,-9.00721151840355,-4.91360851684301,1.31157536236253,1.60440753828525,-4.96645005994163,5.6809189311361,-1.41073621986146,-10.6497300757916,0.453446144737039,-4.81632489570649,-4.32784893795238,-4.89509794419112,-3.89184667196695,-12.9121832103748,-6.43246397953684,5.691607,-5.64067054327586,-7.06536432415023,0.0455686425373516,-1.12153417507728,-3.86343302314674,-2.96444364820143,-6.1241951899182,3.37024185102828,-4.67201553391287,-4.36115717778127,-4.79377981418035,-3.95562892029252,1.94953569011018,5.691607,-12.0102915976358,-4.64924703451159,-2.62347930886055,-4.68974871380017,-2.51588460421891,-4.03483035737784,5.02747627220347,-3.49108786944798,-4.6265844695863,-7.23862916916867,-6.59706398877159,-11.3385415507814,-2.09391832806806,-7.88963676766634,-5.85503382147796,-3.46652390217799,-2.13680776317207,-2.56846798493128,-2.59142939256266,-6.03070070448335,-5.30801769461523,-7.37077441322249,-4.16026557834145,-2.17846835296242,-4.11233407868656,0.989788894253957,-8.49076043117171,-7.38016016095592,-8.79325783794086,-10.240900483749,-0.181525406001012,-0.557924787171137,-8.80530402286034,-10.0981836560879,-1.75809458849684,-0.332955768298471,-10.0694776103555,-7.25439974372796,-3.3719862367444,-3.32547896469978
2.59665727626355,4.02677489655566,1.88021623026068,1.76016948979738,4.71138243718302,1.71666927731983,8.54507542870652,1.36233573734687,-0.815190656923772,3.10414926820462,9.95938000946173,-3.12930252218369,-2.39683231075687,-2.00560769078434,-2.40981514341958,6.34107234386161,5.25965939793438,4.99359130593119,4.01257432220688,-6.21529642974401,4.31242396888601,-3.6047289208569,-0.761086486776215,-0.210533318918547,5.36085616395931,1.0847542965557,0.286410350634215,0.291744160838654,5.85999753830306,1.94493197091666,-0.45732938841526,4.42735203013471,6.87526228468953,7.28047376778714,6.08374749970045,12.2469291727935,8.46538456548308,0.740502162540864,8.03304183252261,-1.86582125235427,3.68249846691581,1.1233059982656,6.65187560250611,-2.68653238011756,0.726880607080172,12.26144,0.628660802516373,0.607620110513228,9.41603332537482,7.65214152011349,-2.53539839645084,3.02950725410514,1.76998901608469,10.7830603014031,-0.912644621800798,2.35518800549268,3.71142459976858,0.823985845167485,7.49872234159633,12.26144,-2.61828305357043,7.22336850509882,5.09282908117205,3.10817464257347,0.951666887530349,2.27824671710244,8.52273702312474,1.254028775385,1.60253821022126,2.11865771858763,2.12190181566025,-6.4349228058665,6.18370875026914,-1.44979652889361,1.98681313223781,1.11217564135803,7.45133288544768,5.06336043804564,0.699505007137198,1.35243339144651,3.47687172078135,-2.43479895812072,1.88765784018686,6.30274146349504,5.56731109961066,4.16129675482158,-2.5050119018382,0.638633264764453,0.259092918502276,-2.83341393257166,4.61366916476641,6.24466249989243,-0.9882335485072,-2.58592742921342,5.47055913804332,4.15655014784514,-1.62699449144725,-2.40042253755922,3.951967629175,5.92639202755051
-0.927759350809499,2.21400434751305,-3.75672676307594,-2.15601704086535,-1.9388316887394,-3.51855184722326,2.81752443889601,-5.79326241085447,-5.2710194162169,-2.38861602468194,4.75322518269151,-6.04616351782739,-9.65534118030926,-2.06403309096493,-6.77140453431006,-0.87613245643717,0.471729067049887,3.80856392659481,-4.34117658252624,-11.2535409964102,-3.63490104354295,-6.1212073737196,-4.3585059880139,-4.16438916662985,4.28778719198011,-5.03065755439549,-7.2379324813923,-7.92050861073694,2.18992795472127,-5.40479087092321,-5.11950000837668,-0.717693379209183,1.11150065497996,0.768659151350428,0.705430061967356,4.55750508881413,5.22716045896129,-2.46600640293228,2.67851387493238,-4.80852694980498,0.217770406384758,-2.78182585678668,3.22765928764846,-4.9294806061962,-1.94506928487565,6.39028537397657,-3.58213555113323,-1.1898989424939,4.61705630537218,6.741821,-5.78887806140973,-4.24067057774998,-1.90395550357938,3.33213295036109,-4.80155359310865,-1.39288529725586,-2.86699864546844,-8.10556838264703,3.36476710140546,6.741821,-7.28645816575604,3.99043837460116,0.701147346999168,-3.15975697799519,-3.85290298138407,-3.61648684612451,0.807870462456771,-2.7114765256441,-3.94490474773197,-5.23270002031199,-2.5648141090152,-7.9871506949432,3.68869862845204,-8.52622659714974,-3.14842079594063,-4.40785334198485,-0.952677392260748,-0.663200883388773,-2.89716839198142,-1.24368346726893,0.362333730613583,-6.66941466634569,-4.37417198684972,-0.987451888893412,0.282746007765188,-0.975016784832867,-8.07274960605718,-2.30476634502243,-4.37779134127404,-6.48915253680586,0.0573337353157655,-3.37561058653632,-2.98129523405928,-6.10240695237261,3.85618429993862,-4.14974569741065,-5.90319752199187,-8.91071050893012,1.0464224807129,4.54079192369105
0.948641371204909,4.26837062481803,-3.76278458218944,-2.30418966736618,1.19901949851376,-6.70430013916882,3.8442666209634,-2.51959092050717,-5.9638679881733,0.426301811937199,5.975109,-6.20337551664978,-8.51024965444179,-2.56377653896887,-3.47700983672225,-0.949350399882518,3.22115622098021,3.20660508495953,-3.60413808965585,-9.18865231955223,-1.42464561164112,-3.75617334605908,-2.94203450844608,-1.5428007524824,2.84092927567085,-5.73683211090106,-4.89602727198289,-4.51838701044361,1.22306194264853,-5.28051673765669,-3.26731697650981,-3.13686074390857,2.47970091867249,1.90094491831765,3.32037335017409,5.975109,5.975109,-0.522577705171087,-0.293418301037716,-2.19277026319201,0.44941567402538,0.48688458825913,4.82812334986852,-5.88896799548048,0.874792958549708,3.47873513588405,-2.27212702887441,2.15981568003285,5.28968070362792,5.975109,-7.29024774696119,-3.17229696126851,-2.75518343019809,3.51928195623639,-2.372625724043,-2.48153847268664,-2.24490403451256,-5.62758426577772,1.31884096040233,5.975109,-4.36108252138654,1.79109389683437,1.65259753077675,-2.29869077101075,-0.848757218591667,-1.46838232956922,3.93133076173733,0.493261821324131,-1.31708287975938,-3.8902561107235,1.95998265746801,-3.47558754797658,3.50161158036206,-8.3862214154682,-0.538905202054821,-1.28544042467184,-1.94405591705964,0.0242352803590329,-5.98415535687638,1.14055269060879,0.367041610128858,-6.59526610973263,-1.119096305838,-0.461456236276838,2.25029280607257,1.9370679543071,-7.27197479788115,-3.75027452136245,-0.732652081936831,-5.33265791575504,3.6170183861202,-5.89035218194858,-1.97533196261733,-4.76535734875007,2.79068686127382,-3.12623362549375,-3.29020129494182,-5.66025262533948,-2.15842195361907,5.975109
-0.371468532632719,4.107776,-3.49071326131334,-3.66376644416536,1.27438877144985,-4.99112166440528,4.107776,0.135365251067096,-5.73950186426556,2.36664628882223,4.107776,-4.6902193436516,-7.40240447774016,-0.250047523807369,-4.25580785231363,-0.311518213573136,4.107776,4.107776,-1.22714117269686,-7.02735152393882,-3.84382028363109,-0.55850876355063,-1.73351156117283,0.438332864898769,1.42824461072145,-5.24348473424855,-3.9216983059427,-4.64569156936732,3.89314311284948,-3.34331865996348,-1.66406678533026,-4.19056353210222,-1.9674212167414,4.107776,3.40445735143657,4.107776,4.107776,0.0594683854944327,-2.33365890578403,-0.971803232843883,0.374080773163714,3.23570485007639,4.107776,-5.16823754664797,4.107776,1.33472825722558,-2.22822379213597,-0.796033500736582,1.58999913833004,4.107776,-2.94781598683412,-2.40036108055925,-2.71813973698957,-0.931612191554669,-2.77765557991725,-6.69385284376503,-0.620287667703273,-4.0223005890247,0.259564988852632,4.107776,-1.8091932829252,-0.945255958623036,1.30128018505844,-0.538782132956562,1.78216318133575,0.730820451311766,4.107776,2.25001666426985,1.61336769215102,1.79860758662016,2.83849938320607,-2.4197163518265,2.56738554485582,-3.7989042949148,1.73872459959098,2.07897693066045,-0.71869629494404,-1.38263575535881,-7.51530590829502,1.23825840860869,2.19884105696589,-4.60395114376519,-1.41305291497773,1.1435688843007,4.107776,0.576826990852455,-8.3223004058245,-2.87312419088354,-0.110458789115476,-4.89997279406898,3.73166483685412,-6.15900946552196,-1.95209994727959,-4.3604834698264,3.10162286984938,-3.3115835510225,-3.22502511091899,-4.14041177462199,-2.39276044981157,4.107776
-4.34796894534172,2.349275,-3.93025151173857,-3.20339491207673,-0.216488771427398,-4.43862379716407,2.349275,-1.26210662246855,-6.38829092254838,2.349275,2.349275,-1.97752622666096,-6.40893830583171,2.349275,-1.04964225861774,1.73293416217027,2.349275,2.349275,2.349275,-5.30623154120487,-6.49295132164062,0.00163658141387968,2.31161921292798,0.358123290048671,2.349275,-3.07884957461163,-1.63307537547781,-7.72415015086731,2.349275,-2.66393712446348,2.07159677270632,-3.828082154355,-7.9255059800877,2.349275,2.349275,2.349275,2.349275,0.621180362305414,-0.627767057186249,1.01309182758753,2.349275,2.349275,2.349275,-0.0850922396570879,2.349275,0.0410191951657102,-0.721193148691794,0.910374493115501,1.28463056609017,2.349275,-0.611159155370743,-3.21032038058474,-4.04916511654519,-0.986865939101802,-2.55733144035919,-6.13085138499995,2.349275,0.0152722887170551,2.349275,2.349275,-1.34848841426443,2.1475779149607,2.349275,-3.1491930756802,0.947125799099684,1.32809492207312,2.349275,1.96463504691567,2.349275,2.199602186892,2.07083289730236,2.349275,2.349275,-2.11844289096861,-0.0367508663303395,2.349275,-1.49439597362221,1.68137738512705,-7.11802638636316,2.349275,1.97887070275105,-1.83449772147987,-1.13834176421908,-0.976496089563474,2.349275,-0.907553121347731,-7.01871308408855,-1.48135871971008,-0.576964812455472,-2.16368748567901,2.349275,-5.1954757899169,2.01018457248264,-0.349544084726944,2.349275,-3.31281792291469,1.07411641712153,0.616873310343512,1.23659310791748,2.349275
-2.58884520262018,0.5040145,-6.35832054274494,-2.04739553190101,0.305616723198143,-0.0756700452229737,0.5040145,-1.57889520796459,-8.06141669379107,0.5040145,0.5040145,-1.57738541386702,-2.36211683266417,0.5040145,0.5040145,0.5040145,0.5040145,0.5040145,0.5040145,-5.30582246441456,-8.18154564997166,0.5040145,0.5040145,-1.00384698830618,0.5040145,-2.55698873741966,-0.223673195888509,-7.19286327120925,0.5040145,-6.38515268965751,0.0989389462813579,-2.80686210626673,-7.75064876230853,0.5040145,0.5040145,0.5040145,0.5040145,0.5040145,-1.06695752909219,0.5040145,-0.0869508283749176,0.5040145,0.5040145,0.5040145,0.5040145,-2.10410295821943,-3.2603536460453,0.209801004233253,0.5040145,0.5040145,-7.36588948124377,-3.74347019171911,-4.47809093753485,-1.72986024758054,-1.48849984051569,-7.73915921328887,0.5040145,-2.24463306479864,0.5040145,0.5040145,0.5040145,0.5040145,0.5040145,-2.73062100058457,0.5040145,0.5040145,0.5040145,0.260459766636128,-1.4299855244308,-0.932334575628931,0.5040145,0.5040145,0.5040145,-4.10785971336845,-1.50899515164591,0.5040145,-2.01163222355253,0.5040145,-9.31880317865942,0.5040145,0.5040145,-1.74311761734588,0.439662140900466,0.5040145,0.5040145,-4.44397082339728,-5.03664152128929,-0.0856701926519212,-1.24028717595656,-0.724499095324672,0.5040145,-5.23048123636649,0.5040145,0.5040145,0.5040145,-5.94338621700096,0.5040145,0.5040145,0.5040145,0.5040145
-1.3177205960685,2.5e-09,-5.69426516572902,-1.64579302483338,-0.20013253277914,2.5e-09,2.5e-09,-0.753265914515969,-6.34975080244971,2.5e-09,2.5e-09,-3.51299937667214,-1.95577737962313,2.5e-09,2.5e-09,-1.26754351876623,2.5e-09,2.5e-09,-0.738648023017132,-5.18217790947994,-8.69148118116318,2.5e-09,-3.68040489398819,-1.63625977896119,2.5e-09,-5.45759972348106,-2.42138605610041,-5.97716289779544,2.5e-09,-5.63374994895447,2.5e-09,-3.68361178652637,-9.41881848702886,-4.40810598078703,2.5e-09,-2.57857522003314,2.5e-09,2.5e-09,-3.91775481739942,2.5e-09,-2.30389461793274,2.5e-09,2.5e-09,2.5e-09,2.5e-09,-6.73540031620657,-7.01346952230059,-0.383636989592709,-3.68888935492387,2.5e-09,-7.94503083829584,-5.59832032365645,-4.7619975631801,-2.46042369041846,-1.52773132526233,-8.21196385550051,-2.67575578472616,-6.10137214941741,-0.825099271812665,-3.78618947516337,-3.03553234326877,-0.396838157587374,-1.53347010750855,-4.80491079529051,2.5e-09,2.5e-09,2.5e-09,-5.43753210198843,-0.73430605493481,-5.26508747048301,-0.374757184628362,2.5e-09,-2.14789639869616,-3.8276320440012,-0.829283653586419,2.5e-09,-3.42288593587174,-2.6271834965563,-8.76336288571063,2.5e-09,2.5e-09,2.5e-09,-0.478520470732714,2.5e-09,2.5e-09,-7.89042331114425,-4.83953152446416,2.5e-09,2.5e-09,2.5e-09,-0.0107084104759354,-8.50770873052651,2.5e-09,2.5e-09,2.5e-09,-10.6239575113816,2.5e-09,2.5e-09,2.5e-09,2.5e-09
2.5e-09,2.5e-09,-3.58068209982507,-1.09114296160252,-0.202113772685378,-1.43284618905635,-1.20750653991129,2.5e-09,-5.15129535231864,-1.03459898596812,-0.104417272170548,-2.43797265668381,2.5e-09,2.5e-09,2.5e-09,-4.30255162078626,2.5e-09,2.5e-09,-0.574228915469429,-2.8097472341593,-4.55874787920123,2.5e-09,-5.48892598341849,-0.414636768547923,-1.99283615823078,-7.90637970913638,2.5e-09,-4.43326082917623,2.5e-09,-2.43849903384158,2.5e-09,-3.23477063606782,-9.58440037485591,-7.49840034280309,2.5e-09,-0.252183607606957,2.5e-09,2.5e-09,-3.21272999726523,2.5e-09,-0.722399672134405,2.5e-09,-1.86985661635457,2.5e-09,2.5e-09,-10.951971632939,-2.22361584715731,-0.6929950552513,-7.134474000942,2.5e-09,-5.16980988351335,-8.70229833556759,-6.19111602996233,-2.62626010673654,-2.24333959552061,-8.49324461128966,-1.07576178135678,-3.89143633383886,-1.9610530159464,-4.31085048551822,-0.0583226582224372,-2.05248007363764,-0.64547585454752,-4.53429459340504,2.5e-09,2.5e-09,2.5e-09,-7.76169723959377,2.5e-09,-3.34906010019346,2.5e-09,2.5e-09,-3.9953300573206,-1.33354533591674,2.5e-09,2.5e-09,-4.16145981734465,-4.94577411060511,-8.03456200655795,2.5e-09,2.5e-09,-2.98932921000341,2.5e-09,2.5e-09,2.5e-09,-10.3525481397699,-4.78101126494589,-2.04445937846394,2.5e-09,2.5e-09,-0.798298230750634,-4.95037043144331,2.5e-09,2.5e-09,-2.93528504711164,-12.4367007910646,2.5e-09,2.5e-09,-0.566951344216178,2.5e-09
2.5e-09,2.5e-09,-4.61043117100941,2.5e-09,2.5e-09,2.5e-09,-4.52535934352962,2.5e-09,-5.8097858828214,-0.692851455417067,-6.41022934356211,-3.06314762297391,2.5e-09,2.5e-09,-1.98709420525177,-2.16726969931981,2.5e-09,2.5e-09,-1.08707828311749,2.5e-09,-4.67831305640981,2.5e-09,-3.38584431045017,2.5e-09,-4.11441854415044,-6.70095956179483,2.5e-09,-6.25369943173959,2.5e-09,-2.5882021410667,2.5e-09,-0.716425959530967,-9.05687959014843,-7.38123338111694,2.5e-09,-5.54403956488067,2.5e-09,2.5e-09,-4.0203738088776,2.5e-09,-0.65703807006207,2.5e-09,-2.70304180052783,2.5e-09,2.5e-09,-14.1345142062869,2.5e-09,2.5e-09,-10.7042226074707,-0.321909825804007,-1.37490472511906,-8.90396389449562,-6.09848516816342,-7.29657725418319,-2.67342097458406,-6.15425286745134,2.5e-09,-4.36239474291152,-4.40655122131754,-8.87206487485168,2.5e-09,2.5e-09,-0.355863441337949,-4.68246198837476,-0.287335719058345,-0.790428771756018,2.5e-09,-6.20078076409261,2.5e-09,-4.3675670676544,2.5e-09,2.5e-09,-4.42633324932101,-1.49019256848138,-0.966067530974193,-3.81372045837571,-4.17053506131284,-7.28824473705372,-7.13783869724698,2.5e-09,2.5e-09,-0.455919349818463,2.5e-09,2.5e-09,2.5e-09,-8.27933071613866,-2.82706534981435,-3.57461034175098,2.5e-09,2.5e-09,2.5e-09,-7.39257529651934,2.5e-09,-1.86715858696441,-5.73220787707872,-11.6499639616848,2.5e-09,2.5e-09,2.5e-09,2.5e-09
-5.46499224455017,2.5e-09,-6.56172070158005,-1.46289797145766,-0.970367610478428,-1.19727102274556,-7.63463119707872,2.5e-09,-10.1917226030198,-2.84569238304764,-12.1009377424707,-2.48229828593423,2.5e-09,2.5e-09,-2.25586231778271,-6.2226153149684,2.5e-09,-2.7620411511272,-1.2676182676731,-1.27935029838719,-8.08050870692865,2.5e-09,-3.90529017504345,-2.33089635595895,-4.46377855927555,-6.89275085270086,-0.236955188730998,-6.76022611892242,-1.09167476192738,-6.19756021225568,2.5e-09,-0.10982117117883,-13.5633984216863,-7.46057816597693,2.5e-09,-9.50791264981813,-0.766319737197777,-1.36991411109574,-4.72592491952317,2.5e-09,-2.49298964568773,-1.13035802158429,-8.5646548413739,-0.359606752464528,2.5e-09,-13.7821452229306,2.5e-09,2.5e-09,-12.210760684878,-0.770997967798839,-2.30939849207602,-9.46247412209758,-5.12228947739824,-14.5458544196688,-2.40266614145339,-4.15967243979979,-2.27207370005042,-2.39014592878574,-5.03243003335367,-12.5199181844508,2.5e-09,-2.83429460687031,-3.83294688431479,-7.61451118012073,-3.017565298427,-2.93645549862037,2.5e-09,-5.58642827660165,2.5e-09,-4.232749560089,-3.50680425174713,2.5e-09,-3.67195968106262,-4.60013410913143,-4.40348581407879,-6.02846903958508,-7.01882281076379,-9.16205286359139,-6.66617208203451,2.5e-09,-4.02819092695524,2.5e-09,2.5e-09,-4.03378807633309,2.5e-09,-5.94743028014984,-2.38159287894202,-3.92692049570667,-1.24007119666507,2.5e-09,-1.77230372884386,-10.0208871659063,2.5e-09,-2.36723905740002,-8.46648546978287,-10.483407649327,2.5e-09,2.5e-09,-0.0306268481033494,2.5e-09
-8.11277946610692,-2.41459735970103,-5.7145474263462,-1.67537099546071,-0.531619699702833,2.5e-09,-10.7466236487944,2.5e-09,-9.97545823340744,-5.69308578490374,-16.8751243092906,-3.00054051638294,2.5e-09,2.5e-09,-3.10231137906156,-8.9581620804639,2.5e-09,-5.92901042708216,-0.191820487123066,-0.766061776597001,-6.63201884700071,2.5e-09,-6.22682411602615,-5.26155053343412,-5.76624168142781,-7.61909653101063,2.5e-09,2.5e-09,-1.4972745992475,-9.64509507427177,2.5e-09,-0.697616195188891,-16.0484837021335,-5.84555863611654,-0.58715363520951,-11.2259602509364,-2.31456884522137,-2.16614538030571,-9.53741557241759,2.5e-09,-2.19136903218958,-2.27726614427239,-11.4424136824151,2.5e-09,-1.42598072430321,-14.3174358170388,-0.109189907515439,-3.33135709992641,-13.9412398017843,-4.39507574741447,-5.69885413700467,-4.56713706067312,-2.9036445364882,-14.6375023748407,-4.76313523374988,-7.49993871943717,-4.69619356864839,-0.560333215394061,-5.64125306574704,-15.1243722858759,2.5e-09,-7.70272182975855,-4.04215680913397,-8.65866649026421,-2.14979047375717,-2.0944698462346,-1.91499323927874,-6.43442758755923,2.5e-09,-3.25468052618309,-8.59136694100219,2.5e-09,-8.17857751418138,-0.924171293669229,-7.70318976063353,-8.04661165312266,-6.23001519205238,-7.5835374544051,-4.04146736083021,-2.52618445488686,-3.89320301211812,-1.56515656882644,2.5e-09,-0.199496535131997,-0.699687614022665,-9.82675479453623,-1.47117348107682,-1.99076091609834,-0.940149371049673,2.5e-09,-9.8183839508709,-5.89429700732121,2.5e-09,-1.97188002755757,-7.95139640519596,-8.16618009889618,2.5e-09,2.5e-09,-1.08520853920313,-0.735487982445665
-5.63682435627457,-3.25953972663975,-2.16461505069382,-4.69822211953799,2.5e-09,2.5e-09,-7.81697552779247,2.5e-09,-4.6918680907743,-7.94026969647149,-15.711093969854,-4.34224586613407,2.5e-09,2.5e-09,-0.543670940801621,-9.94246411648992,-1.28788529394515,-2.91020591421582,2.5e-09,2.5e-09,-5.83450883191469,2.5e-09,-4.33925092654577,-7.03209430231091,-3.73130648948127,-6.88875258782637,2.5e-09,2.5e-09,-3.67428188076517,-5.56745095822105,2.5e-09,2.5e-09,-16.1243282887958,-4.21656404840108,2.5e-09,-13.4761750807198,-5.71834169498286,-1.65517681252484,-7.02139917668306,2.5e-09,-4.03657874910212,-2.73544272629808,-10.6908410532907,2.5e-09,-4.11628417127927,-13.724309972518,-0.0134847013719847,-2.41491673500038,-12.7546594383293,-4.39725370032331,-4.02860047723108,-3.91749875226933,-2.13602155760936,-8.56669616911568,-4.62888805717147,-6.95856445046291,-4.42556172594864,-1.3911463760273,-3.52218354953645,-19.2948661570147,-0.840366593214679,-6.8745596815466,-6.35526587290475,-9.99115962549252,-8.21500325320545,-1.7275149414728,-5.65410896702176,-4.50771634607388,2.5e-09,-3.50497180697912,-9.70340032115434,-1.80128659905439,-9.10650990829675,-1.35292940144726,-5.87079967475504,-6.4686404641572,-4.85248910851169,-9.14466544573664,-2.08862545826581,-4.32036320564626,-0.723044866694322,-1.72361208050272,2.5e-09,2.5e-09,-4.38978424306617,-6.31301612095344,2.5e-09,2.5e-09,2.5e-09,2.5e-09,-8.21261178792703,-2.01869759020719,2.5e-09,-2.29509887560511,-10.3708909062024,-6.76127028100625,2.5e-09,2.5e-09,-3.75344742496215,-0.428824311225675
-1.87233026305768,-1.22813921028664,-2.07121098777628,-4.40967508682371,2.5e-09,2.5e-09,-8.26291034221156,2.5e-09,2.5e-09,-10.5642032066895,-15.5684426395746,-2.91969555830992,2.5e-09,2.5e-09,-2.5716100267205,-8.6779481363452,-2.56072001741383,-3.15744741833372,2.5e-09,2.5e-09,-2.50085418229498,2.5e-09,-2.53140977168319,-7.76144883328371,2.5e-09,-4.96703477470571,2.5e-09,2.5e-09,-3.2830425631401,-3.71868819965366,2.5e-09,2.5e-09,-10.2341614504217,-5.54374464582482,2.5e-09,-9.26812816673435,-7.86748477488181,-0.0810169559759581,-3.98614868037868,2.5e-09,-0.0930266911336324,-0.981944765598252,-7.5172471359548,2.5e-09,-3.44908963094174,-12.3034337444655,2.5e-09,-2.32437897350874,-11.1234672926816,-4.33575058025931,-2.79200289709396,2.5e-09,-0.563748466806626,-6.38045024379363,-4.42714809025496,2.5e-09,-7.17253384091606,2.5e-09,-4.98777014477088,-16.9098460012635,2.5e-09,-5.23195218231116,-4.62492436871829,-9.72879819118466,-4.20165482790249,-1.13036123552364,-3.88249035802277,-1.68289182829342,2.5e-09,-1.75673579850367,-6.24062296451742,2.5e-09,-6.42482534224561,-4.7479531607443,-5.75821941344889,-3.72669051461506,-4.64601895464988,-8.50307391512499,-0.34806865534529,-1.09098103262458,-4.14496301049592,2.5e-09,2.5e-09,2.5e-09,-7.40173044576011,-4.87609846333709,2.5e-09,2.5e-09,2.5e-09,2.5e-09,-6.55054732351444,-2.07736406928357,2.5e-09,-4.63067216593356,-12.5413392850429,-2.45919488732421,2.5e-09,-1.14128456068139,-3.71342609002626,2.5e-09
2.5e-09,-4.8016036718917,-0.105879667323631,2.5e-09,2.5e-09,2.5e-09,-7.15057206403689,2.5e-09,2.5e-09,-5.99573941892816,-15.0496035069096,-3.12809842053383,2.5e-09,2.5e-09,-2.26532476223852,-5.43961982654405,-4.84222652878366,-1.40707160637678,2.5e-09,2.5e-09,2.5e-09,2.5e-09,2.5e-09,-3.55331704910516,2.5e-09,-1.58427434246205,2.5e-09,2.5e-09,-2.26297531968441,2.5e-09,-1.0068270368445,2.5e-09,-2.72174206989585,-7.22927295202202,2.5e-09,-7.48577315811142,-8.0528674762308,2.5e-09,-4.42867087345446,2.5e-09,2.5e-09,-1.45358150200354,-7.44453358614675,-0.107923532926914,-3.89390216118015,-6.6396170024781,2.5e-09,-0.590892171166221,-10.4199028738021,-8.63190212195832,2.5e-09,2.5e-09,2.5e-09,-6.58589524743795,-1.61208676469767,2.5e-09,-5.4178276976634,2.5e-09,-6.02486212972926,-14.8513683742401,2.5e-09,-2.78332226045941,-2.45188471407728,-8.32770187317287,-0.144822297599821,2.5e-09,-3.60817701886777,2.5e-09,2.5e-09,-0.857145716974446,-4.11973578483219,2.5e-09,-4.97810241590957,-5.06531633435742,-0.342439620402951,-3.2186103449384,-2.72888968435221,-4.08086901968606,2.5e-09,2.5e-09,-6.09787356322259,2.5e-09,2.5e-09,2.5e-09,-8.90053902214816,-1.5903777736144,2.5e-09,2.5e-09,2.5e-09,2.5e-09,-4.74144902271208,2.5e-09,2.5e-09,-3.16261487294888,-11.2498391215153,2.5e-09,2.5e-09,-0.769525757057622,-2.31245383748081,2.5e-09
2.5e-09,-7.74494533054512,2.5e-09,2.5e-09,2.5e-09,2.5e-09,-4.30578613528589,2.5e-09,-1.06446140913006,-4.52582656765088,-14.6005256600574,-3.49656994410685,2.5e-09,-0.459297986261171,-1.40606601511599,-8.36990815601677,-3.91174643085826,-3.56859696655354,2.5e-09,2.5e-09,2.5e-09,2.5e-09,-0.275748625129994,-3.79493893097451,2.5e-09,2.5e-09,2.5e-09,2.5e-09,-3.73513733135121,2.5e-09,-3.25795172258128,2.5e-09,-0.679631157178595,-6.11250685137912,-3.06725459181805,-5.86336343766278,-9.35919003294436,-0.883702555050578,-1.16774423604272,2.5e-09,-2.67842370442804,-2.55586840110399,-10.5480849677844,2.5e-09,-3.34706748822209,-2.21685555012683,2.5e-09,-0.691425463178,-6.25034958551884,-4.2240195783982,2.5e-09,2.5e-09,2.5e-09,-7.10808256350829,-2.66286458654636,2.5e-09,-3.97522154037874,2.5e-09,-3.75568757436052,-10.6850508883411,2.5e-09,-3.54695741206955,-3.19205774283855,-7.06237041978392,2.5e-09,-0.899877663336872,-6.33327257194015,2.5e-09,2.5e-09,2.5e-09,-4.89202932836385,2.5e-09,-3.65152118873201,2.5e-09,2.5e-09,2.5e-09,-1.33350678102934,-0.987133020513175,2.5e-09,2.5e-09,-7.51661841504513,2.5e-09,2.5e-09,2.5e-09,-10.0711583676035,2.5e-09,2.5e-09,2.5e-09,2.5e-09,2.5e-09,-5.75383078578203,2.5e-09,2.5e-09,-4.82816525394162,-12.2090341703978,2.5e-09,2.5e-09,2.5e-09,-0.511092560943621,-0.377013914904704
2.5e-09,-12.3970271411657,2.5e-09,2.5e-09,2.5e-09,2.5e-09,-7.5980866580747,-0.0990006511190595,-0.309208717984827,-7.6134174992646,-15.8750838492042,-2.04927732507761,2.5e-09,-4.27347942136408,-4.65241333381286,-6.95184982113219,-5.73863217927661,-5.59137034946484,2.5e-09,2.5e-09,2.5e-09,-2.59829658836156,-2.23707350465883,-1.33217313288398,2.5e-09,2.5e-09,2.5e-09,2.5e-09,-2.02248127424738,2.5e-09,-3.79941003255128,2.5e-09,-4.79361076140954,-5.40667464329022,-9.16520131693416,-3.99824087732654,-11.1264506819116,-3.92383463095738,2.5e-09,-2.79709162438711,-5.33087453538475,-2.72836351542656,-10.2812130297344,2.5e-09,-2.56013896390956,2.5e-09,2.5e-09,-1.56567696065887,-5.94403314618811,-7.30871716317767,2.5e-09,2.5e-09,2.5e-09,-9.07514657705176,-4.61442375830789,2.5e-09,-3.69693122144021,2.5e-09,-2.12953555444446,-9.42346170117702,2.5e-09,-0.231401433122748,-2.65941962806207,-5.68984656289088,2.5e-09,-2.07441667492305,-6.09264808137216,2.5e-09,2.5e-09,2.5e-09,-9.00031908881594,2.5e-09,-8.76132689853003,2.5e-09,2.5e-09,2.5e-09,-0.485245870661612,-0.224287148943493,2.5e-09,2.5e-09,-10.5373119169272,2.5e-09,-2.30787353900185,-0.769838975838688,-11.4372808233429,-0.822636082543042,2.5e-09,2.5e-09,2.5e-09,2.5e-09,-7.83304370952505,2.5e-09,2.5e-09,-7.6308033142747,-9.15154810201518,2.5e-09,-0.952495493464025,2.5e-09,-0.638464703712532,-4.3340714643002
-1.71158611282392,-12.6374227581685,2.5e-09,2.5e-09,-0.362243271964694,2.5e-09,-5.10399744551607,-2.32194344719232,2.5e-09,-7.6576384608115,-8.67792755460292,2.5e-09,-0.427888232635659,-5.41446952900771,-2.29587413664601,-7.25470364337282,-6.92578547644082,-4.06409641962375,2.5e-09,2.5e-09,2.5e-09,-6.1512951944178,-1.65870212496172,2.5e-09,2.5e-09,2.5e-09,2.5e-09,2.5e-09,-2.36927236221432,2.5e-09,-5.27824492019165,2.5e-09,2.5e-09,-6.10744476115074,-12.011968958946,-3.40210656527033,-10.5444843521727,-5.62163289998761,2.5e-09,-2.69234372997438,-5.90479735854378,-4.68893105714265,-9.00131714424873,2.5e-09,-5.45747357148256,2.5e-09,2.5e-09,2.5e-09,-1.34341296271955,-8.22119228697733,2.5e-09,2.5e-09,2.5e-09,-4.84939604760021,2.5e-09,2.5e-09,-3.72737798628135,2.5e-09,-0.841854875982369,-8.8400927058964,-0.0584726463285918,2.5e-09,-1.74700952157013,-1.42508960993446,2.5e-09,-3.36119460880042,-6.44107124541765,2.5e-09,-2.85726748010404,2.5e-09,-11.236612537182,-0.509676762540845,-7.7713221817595,2.5e-09,2.5e-09,2.5e-09,2.5e-09,2.5e-09,2.5e-09,2.5e-09,-10.1398698138926,2.5e-09,-3.77345484331922,-4.85789660141464,-9.05065348123855,2.5e-09,2.5e-09,2.5e-09,-0.881030978961834,2.5e-09,-5.49988848463051,2.5e-09,2.5e-09,-7.44663635862866,-6.07339863128731,2.5e-09,-2.65472900463905,-0.517685465360102,-1.86040697943406,-4.21819664808981
0.09669652,-13.5768613560904,0.09669652,0.09669652,-0.129635457439639,-1.81221448738934,-6.35333453474531,-2.29795779392667,0.09669652,-12.1424303728702,-5.87455350637672,0.09669652,-0.638277594251124,-3.67604289304346,-4.7648115741695,-8.86646642778257,-8.56288081469765,-6.48394350059381,0.09669652,0.09669652,0.09669652,-9.9625849623353,-1.978185930998,-1.25266119629326,0.09669652,0.09669652,0.09669652,0.09669652,-3.46226961114707,0.09669652,-2.83732785765912,-0.762753717978841,0.09669652,-6.96563045776127,-14.4355324489253,-2.86604424457184,-12.2862149463417,-4.69218962499223,0.09669652,-4.93239004457256,-7.34589712238229,-5.97341350643756,-8.2859401632169,0.09669652,-6.70592722811529,0.09669652,-2.76693395292041,-0.0883549903117481,0.09669652,-7.54327621906747,-1.79904592328111,0.09669652,0.09669652,-1.5014192795565,0.09669652,0.09669652,-4.95918468423357,0.09669652,-3.20146828696159,-6.57615749252745,0.00561564496743554,0.09669652,-2.58177620151786,-1.33477730110172,0.09669652,-3.44779502259778,-6.91425712414374,0.09669652,-7.84923067218547,0.09669652,-7.21476223838561,-1.54620664653107,-10.1217918564631,0.09669652,0.09669652,0.0420252587014653,0.09669652,-1.11296833198613,0.09669652,-0.917924040357772,-9.59468185019445,0.09669652,-5.31946360766136,-6.96522918586441,-10.8156348035628,0.09669652,0.09669652,-0.40216450907794,-2.24797914175368,-0.798690895677123,-3.9294765716162,0.09669652,-4.14641070776475,-9.44937385873939,-2.14994169670162,0.09669652,-8.40296663293694,-0.845513536645363,-4.01460415507363,-5.54465362953185
1.01970036594851,-14.8625710519354,1.022412,1.022412,-3.33328124875575,-6.8620341324589,-9.52607200695776,-4.92391252180112,1.022412,-10.2717995827123,-2.62826668763763,0.534092412433031,-5.6642552792561,-5.19830135701565,-8.69776670688168,-11.3520396612769,-11.4608678973743,-6.84359676252839,-3.53711374637883,0.702558446133641,1.022412,-12.5630932013158,-3.89069442375907,-2.26835917091825,-2.19152789809055,1.022412,-1.61257990956107,-3.62570233775174,-8.37424833722644,0.0617804872912657,-7.28963312883771,-5.84080826865676,1.022412,-6.42509147123674,-15.1977764949224,-4.32556743627146,-14.2729403107658,-3.15130557021614,-2.13777734424477,-8.37565862643245,-6.70125956115628,-8.17091414881217,-11.8605861450526,-2.60758738195897,-9.04499965553878,1.022412,-4.19437269052559,-3.40985509355977,0.919653311826094,-12.4847448637268,-4.29748363834169,1.022412,1.022412,-2.89023125877045,0.260860741670073,1.022412,-6.72969696481395,-3.65712973279421,-4.15543259343481,-7.80211010810328,-2.4696834713829,-2.90325638311147,1.022412,-0.555047134246826,-1.84780238846326,-4.67385355279553,-11.5707785475964,1.022412,-11.4697663632734,-0.566744812003092,-8.96120285637323,-7.32840225845659,-11.5965111211225,1.022412,-0.708468771464072,-5.01102252645154,1.022412,-2.43859559487984,1.022412,-5.26859810296731,-8.23876237563524,1.022412,-7.2399945892804,-5.59748262040441,-10.2156324847354,1.022412,1.022412,-3.83171290664782,-7.00216195476627,-9.31442956843231,-1.7876861317072,1.022412,-12.3084701089188,-11.5484334399075,-0.0758820347149083,1.022412,-11.5130776627247,-3.90100027020958,-8.12635564149154,-4.51922477632004
0.781956891750233,-10.1475584912044,3.48155,1.14446975037918,-5.53694642536769,-8.79031657330741,-8.47566509400787,-5.82461716540567,3.48155,-6.484387428378,1.0189773244151,0.898879565198819,-10.3738007720319,-4.56636497763802,-7.69791601855435,-5.45433229208973,-10.1541098876472,-6.65473727447523,-2.6537366400903,-0.202952562980492,3.48155,-14.803597238362,-0.939476327177247,-2.63699117245321,-4.12552949516061,3.48155,-1.97622970346086,-5.45436921840174,-8.57346439479869,-2.47428930846349,-11.6684148337165,-3.4097308045705,3.33805653171474,-3.93966781614186,-13.5719344480148,-5.3582727606988,-12.2214594452949,-5.42802482221806,-1.79329713785807,-7.82701604492473,-7.90143845782564,-11.8772618432617,-7.60989883957997,-4.35642188863307,-10.5194751774348,3.48155,-1.51361816355413,-4.30364569154547,3.48155,-10.9359035555705,-3.43296387217802,1.62045234377083,-2.29269136377653,-1.79014586202999,-0.925984657854364,3.48155,-5.51894337591352,-1.74479978349425,-4.15869571934941,-5.89877239880025,-4.75794357659252,-1.2619226572643,0.488119257079058,-0.295127758800166,-0.353246073466383,-5.3109506295444,-10.8525822382357,3.48155,-12.6723706404593,3.48155,-7.78425028397091,-9.84084817316437,-4.63538064668801,3.48155,-0.130818297772972,-2.35941113358792,3.48155,1.52834469177242,0.831263829538958,-8.74677461308981,-6.14991759585765,-0.975011992674329,-6.89307169488164,-7.47234072092832,-10.0921320834625,3.48155,-1.13390607701488,-2.68184909828767,-8.22889394511244,-9.38288216989298,1.5134571328584,3.48155,-10.9256283659599,-6.19493589114356,-0.212032530666793,2.48373663707606,-11.9685423061458,-6.94021236812524,-7.88843844858684,-4.19894596073452
-1.5390344106141,-14.9181768565053,2.430716,-2.2078684789596,-9.93428211020586,-9.06766784985335,-10.9526896209606,-9.37922897748811,2.2325088107865,-9.38558852987472,1.40631571185085,0.472953629020939,-12.5414244754783,-5.56743732260216,-9.19633672357162,-5.72894566685114,-9.46817015445651,-7.01108538176763,-6.39063500171192,-4.11186515692779,1.56949188786988,-19.2535807508088,-1.96887452120862,-4.39494413885019,-6.33567141979159,2.430716,-6.57014866575819,-8.60217387072901,-10.1417346755845,-8.14092304937304,-13.7249595608599,-4.58420282372255,0.0884580281520657,-2.26861493359025,-15.631645081055,-8.25205337434161,-12.4185666409942,-11.2273614782648,-3.01037162762334,-11.3822024307786,-14.4313173447449,-13.3354898261599,-7.37835080868742,-6.42870780347702,-10.6622753248062,2.430716,-6.33628916106995,-5.92395321614261,-0.794004544525769,-15.6861141541355,-7.52453882034689,0.542181040477825,-4.5141871524363,-4.70162747780745,-2.31900848062633,0.516494885074704,-6.02327704467718,-4.57440676223927,-3.64624367476459,-2.94007090751556,-9.78506159025428,-4.17999934342559,-3.15756348492587,-1.13542295867614,-2.24024707628743,-6.22030422159045,-10.2285849568711,2.430716,-14.9548413958233,2.430716,-6.88332101546556,-14.6934317997302,-6.70374772502496,-0.45580475465119,-4.60771550238938,-7.86244392394832,-1.94138858583918,2.430716,-3.40540793719176,-9.45564805829195,-9.43879594983771,-6.6860153901702,-5.42542628550407,-9.53222730248607,-11.1093889795414,1.42519765875128,-5.42714836085553,-8.55310908354564,-13.8177268476982,-14.0516831506066,2.430716,2.07931424633777,-16.7319537533982,-4.94172423154466,-2.34933152696888,1.64532296290852,-12.049071330572,-8.92505657823449,-6.39927458449075,-8.61556989641324
-4.56590610651459,-15.9638945058249,1.05075314136768,0.405026168010288,-10.4893639588513,-6.41595318373246,-6.10448981375472,-10.7207933487681,0.775026873452176,-7.11970924939939,4.319021,-0.774640829653305,-10.3143935146642,-3.54565681389984,-3.29966044031046,-5.32533426421563,-6.05855767605853,-6.95699905965218,-6.85194915136839,-5.40683419466302,1.59480122182004,-16.421568554616,0.690376736633276,-6.74822306006969,-9.54194354832345,1.77278808369698,-6.78196013422577,-9.13248826129761,-6.96450157420796,-6.54359239260128,-11.9012734056749,-3.41380561646299,3.7818781420674,-0.165917288359172,-13.0796543759859,-5.24058870353363,-10.3209899324838,-10.5884859903769,-4.217936826884,-8.45743628372311,-8.39411211940391,-10.5761396587761,-6.17181596925892,-3.85052069598552,-7.46180473891128,4.319021,-9.22777591138777,-5.84776449061388,0.0246395969490569,-9.89370431598754,-4.67648960668817,-1.17003870362948,-6.59185222327453,-1.17607971198888,-1.76174674650832,0.240652381583753,-5.10294070489715,-4.05545746229016,1.58162000230468,-1.61400071165688,-12.3265364423039,-1.9682635156738,-1.44636322894503,1.7663505654643,1.160801050707,-0.826005918878101,-8.27366762466639,4.319021,-13.1748671733318,0.644051152895864,-8.09100069889758,-15.1266003762561,-1.79752462802105,1.9609128539814,-4.95697520010409,-7.21605829708318,-0.517674247311955,4.319021,-6.6036016704694,-10.5358106259346,-6.46206663647386,-5.66365622679389,-7.46673189188668,-9.79870242953,-8.99625266151012,-0.884642760852127,-5.35461806789913,-6.30715146734793,-12.3986302285043,-15.0499609540965,1.87067799997429,3.55605105742191,-14.9555396759345,-0.982864206441784,-1.610900654265,2.10282210286301,-13.1910916651797,-11.292705704651,-6.94189913367545,-6.08656560242372
-7.90431413065969,-13.9897121969063,-0.253358264136949,-1.71533248446055,-10.9201402012958,-7.20910785732016,-1.13069347833194,-7.59619519215011,1.52954957590553,-7.59443280126629,4.30903,-2.20906189737432,-10.5578878862657,-1.19197449623696,-7.89195896563452,-7.72438026018929,-7.04633278783738,-4.99032876074322,-8.22726366650834,-6.339854584325,-1.65643173844754,-14.9510114888796,-5.20104643295978,-8.06002688077576,-7.68291954984291,2.15551590596537,-7.54631565656614,-9.45324459089472,-0.487227696491447,-4.87996338002583,-11.1717268154851,-7.08631404897866,3.60278579236511,-1.12568384542433,-7.58425753042257,-4.90616960722861,-7.83880233247291,-12.5497081694876,-4.22846691822541,-8.945116690909,-7.22391043415989,-10.4746039820417,-1.87349640058627,-3.92066076339981,-5.58277727386754,4.30903,-12.8979628225509,-8.98599024629394,3.14522085451373,-7.07169197865615,-1.9406769935423,-3.46003063177899,-12.2761482644552,1.19534163192475,-3.84052181172745,0.249329047590237,-1.87575679357419,-5.38349542487116,-0.314906879690914,2.3191119303173,-9.49066988114738,-1.0957203053702,-5.36034135968266,1.04852661586406,-2.36061822588136,-5.66065662298705,-10.9168317372476,2.55618461617347,-18.0061297601793,-0.267355915355431,-6.48324704945844,-15.5596734355409,-2.06655785860844,-1.98310259573264,-3.89394630218897,-4.20619453923072,-2.65026951898541,2.64884620029695,-6.36930851508268,-10.0263450949682,-7.32540693876422,-9.98648684283583,-11.2015799998731,-11.6863608926547,-8.01257873229886,-2.67764661147088,-6.7653031497752,-5.23188340376607,-13.0459957832379,-18.4472206370835,-0.620128167853446,0.326660834634939,-15.6838758146802,-0.594675825710524,-1.4182703293221,-0.344583631619083,-14.291170373115,-11.495182502539,-5.52348986472555,-5.82495807410893
-3.57702430943433,-9.5012527557904,-0.744310459619976,-3.21559635833243,-9.26472042438543,-5.75684847574823,0.370689242408596,-5.94314738377481,1.03476821766598,-2.5739287701583,5.46155,-1.99833368363943,-9.35793355051447,-2.54322404683486,-7.73787221002706,-3.84928085459973,-8.70141388084225,-3.77867691868792,-13.069664885238,-9.60465930245499,-0.584087509192714,-12.8984664240412,-5.67313177647863,-5.123294141357,-7.87152292831237,-4.10728141526152,-8.66910905557703,-8.71394648025005,0.891988289077291,-2.23503984960781,-8.2990790835221,-8.98487886675888,4.21723645885862,-2.91163845845112,-4.82596674557047,-1.92256157581965,-5.615319843581,-11.6697813123356,-4.72528005794253,-10.4466451473179,-3.74946499360064,-6.92240064248324,0.798945748090533,-7.66837137790714,-1.87750226773233,5.46155,-14.2499817511168,-3.45845229461997,5.46155,-7.99332693676357,-1.92557555411208,-5.21766127577886,-12.8981243585719,0.468967091227046,-2.42595873933131,0.483517825682744,1.61070496215712,-6.94134341911974,-1.80883401094579,4.43155865414545,-6.26256910091193,-1.94811577193036,-3.8587965984328,2.57034041321374,-5.00398689242375,-7.35153301539374,-10.8757622008238,3.54842213214455,-18.3498906444661,-3.89129238944642,-2.59569892777055,-11.5127269438632,3.3486345581835,-4.86131962424341,-3.7751472254469,-2.53572325580839,-6.07003529207197,-1.35613903787404,-4.16598753905576,-9.13198746326389,-7.62105094441211,-13.321166370416,-9.5120909003528,-10.0685362346361,-6.73269255611813,-4.57623520962387,-11.1883095359311,-5.68042566948907,-12.2786520184075,-16.536501247824,0.917656186875996,-4.9207430349162,-16.2242105891348,-0.705799902318375,2.09098570361962,-2.88840116457715,-12.2319765174496,-12.9799333313623,-5.74886507844558,-3.4878047648731
-3.76017730850747,-3.07686245814732,0.0297959827692758,-2.35737381835978,-6.10149018626072,-4.90327409051766,2.70574466607036,-0.803881390069355,-1.08466094092532,4.15013926619291,8.569622,1.35308390306641,-5.70430389701322,3.29433185702988,-5.01415707602608,2.91963755470451,-4.55868717957742,-1.23025224172486,-11.7047387524049,-8.1667175418802,1.2052194745761,-11.4878374972821,-0.378525420452766,-0.272941780435719,-6.29916171171,-7.29475143759704,-9.89019119033777,-6.38949820086869,4.13736157769137,-0.439881700995072,-3.00765015070971,-6.22381630191907,6.40678763598689,-2.41252141174819,1.28672070350141,1.72219422708331,1.70202504981312,-9.95507589396476,-2.86445387915778,-9.29563528938715,0.656179506295883,-4.3309717123349,3.26842332263551,-4.81379561695204,1.78892575632519,7.22294478801158,-10.5262573278925,0.978799483095921,8.569622,-1.94981147380553,4.20874429336655,-5.52777815607316,-9.73540254835916,-0.378357640851116,-0.338757889154223,-0.0585696488999599,4.81129092994634,-1.54194394128792,0.93177106074452,8.23163357949892,-3.83763956156245,0.0196621929761296,1.98041422096886,5.45990780158517,-0.988501265331854,-6.14141611230001,-4.69930911776393,5.28882827659997,-11.9955145286237,-3.52619892983529,7.42039927212316,-4.6551642694039,8.569622,-4.51280128865469,0.410066846547926,2.94624209576835,-5.9431345388742,5.09823027678964,0.240543716870787,-7.3231702062715,-3.59847874332534,-10.119380508473,-4.53829443397583,-7.56786556717264,-1.24021460407367,-1.17940914666878,-9.85915297176388,-4.03235531627765,-7.47421186586886,-9.8605424812709,7.92219649974699,-8.213195383293,-11.3958919793779,4.8307080472076,2.85684139554041,-4.23980563332339,-2.22138223263872,-8.10218938568353,-2.46508533016164,-2.64218025849275
-5.01574642020026,-2.19073876228994,-2.05323136944844,-4.37850643263116,-8.0630572723062,-7.38750277187216,2.30996568757115,-0.910248244251274,-8.91378666643737,3.37410466366779,3.631902,-1.59379228808189,-4.48772779620919,3.1791974748951,-6.12701723852063,3.631902,-2.24416341691159,0.866933962506854,-14.3654009898046,-8.25552483014669,-2.08568235290636,-13.8816133280955,-3.27838124453805,-2.97139559799367,-6.8519076201881,-11.7147234828683,-15.2476707562433,-4.06950769009577,3.631902,-5.29406900170184,-3.24441103580931,-9.36325357761416,2.49859922628408,-1.19774788232634,-1.56269851775282,-0.171480127631447,-0.507139067196347,-10.8791716687198,-4.45005471958796,-8.9787912083424,-3.39061697878985,-4.35437266907492,3.39884512203329,-7.62959366627899,0.617182084508362,0.582117041929408,-10.1744771343095,-2.86644702194355,3.631902,-0.842264624937236,2.96527366477135,-9.56052236973899,-7.78857721201753,-1.5089956064477,-5.47482941644555,-7.62799897590908,3.59409083057735,-3.14480455117918,2.86059727310641,3.631902,-7.00594914783887,-4.57047364115277,-2.05406299820216,3.631902,-2.46297398932876,-9.76392370841851,-4.83538418460226,-1.99953847785736,-12.049273419126,-6.52442136618411,3.631902,-2.5200073439891,3.631902,-4.97096591881481,0.231069313834819,1.35206902263367,-10.6300510676238,1.53093514630003,-4.35943183567557,-8.82443092839603,-1.0489312535901,-12.0063954510584,-3.54582033768494,-7.51685620995926,0.420599320674506,-5.5936090858453,-15.4278347431705,-9.91371614772302,-8.33276130431118,-9.58697664843331,3.631902,-9.97010752758474,-14.5801205961351,2.51046450859697,1.87715795327955,-8.31127204827495,-3.67292778669528,-3.82720399820868,-1.59085002232796,-3.5836162211883
-3.70724657680887,5.635475,-1.57885122666178,-0.175102138642209,-1.34446198729231,0.0633909057490865,5.635475,4.09049176843707,-7.37775620527119,5.635475,5.635475,2.04761079519345,0.117638184733874,3.94075558051272,4.36700517402717,5.635475,2.88050266681895,5.635475,-9.24960632711149,-3.73977509870098,1.82197573642861,-4.43997483128329,-0.189044343403686,0.183586242380912,-1.08079339233404,-5.12012373284858,-10.3957865927252,-1.55619579749093,5.635475,0.135709416025581,0.598634003722108,-0.386787878345562,3.35707745326058,5.635475,4.77827263648058,4.44082173745984,5.635475,-6.60616710461609,1.99284182360871,-1.49767838101267,1.43622255858051,2.65264348967147,5.635475,-2.24199259872963,5.635475,2.088855987516,-3.90419060180913,-0.541406067790058,5.635475,4.78429407351026,5.635475,-6.85364228085516,-6.90327040076125,2.7605445269712,-1.35024824079067,-4.07711859640588,5.52754589837911,-1.82165212081157,5.635475,5.635475,-5.82586072663658,-0.00975847019226173,0.94548779929168,5.635475,3.50644385599963,-4.74531323094154,2.15087557700316,-0.576760221851862,-2.92476756123004,1.03723394827213,5.635475,4.2117673813245,5.635475,0.21152464224538,2.62602451406106,5.635475,-6.28936172545024,5.635475,-1.90523709311349,-5.54096769102891,5.635475,-4.94327569681503,4.8266407982681,-0.274750929349393,5.635475,-0.100602027405407,-9.84318106694852,-4.75594229469267,-0.883963322700087,-2.94805269985138,5.635475,-4.84346351488459,-3.28797552741933,5.635475,5.27810575406927,-4.68496582539804,2.7979868829159,2.89302579538266,1.02593837405799,3.54802602431616
-6.52305158259841,1.272789,-8.91632576534693,-5.34718912341209,-0.140937357947992,-2.38319843895442,1.272789,1.272789,-14.2745434701727,1.272789,1.272789,-1.25929380328632,-1.39521189462835,1.272789,1.22290632348463,1.272789,1.272789,1.272789,-9.89440860041573,-4.23556577196503,-8.53120331637646,-4.11591565509754,-5.79261508579139,-4.13535382176933,-4.26555517399378,-3.04741287334473,-12.3752367486177,-5.50305629909052,1.272789,-4.74050388461669,-0.0539481728869911,-1.13164327898052,-2.23938365912424,1.272789,1.272789,0.612410003015812,1.272789,-10.3521010585992,-2.45459247316922,-2.05540280610234,1.272789,1.14193062582759,1.272789,-4.50749494465624,1.272789,-4.06067726651465,-9.23401225060523,-4.44895792557794,1.272789,-0.850619317190484,1.272789,-4.21508344825128,-8.81022771367522,0.612735765362828,-4.34398814311115,-8.45739082894641,1.272789,-5.11984876827422,-0.596546864891736,1.272789,-5.40519995796451,-3.31474145982962,-3.24317418582541,1.272789,0.989184412854935,-6.22598725590852,1.272789,-4.37925779480884,-6.21862144560786,-2.54556065909087,1.272789,1.272789,1.272789,-7.27550499604812,-0.630593264851801,1.272789,-6.92026206837336,1.272789,-6.06026291669458,-7.35609929763887,1.272789,-6.88930068576075,1.272789,-2.95648893646696,1.272789,-8.56802381065208,-11.4873869775995,-3.97782884636672,-2.24795219236662,-5.05047611123394,1.272789,-10.3845082536248,-0.634619984603411,1.272789,-0.0481057331132884,-11.2950365476002,1.272789,1.272789,1.13690681252441,1.272789
-1.85769391914612,2.095642,-7.83806239313041,-3.67639904441985,2.095642,2.095642,2.095642,2.095642,-13.3799709116757,2.095642,2.095642,0.453627509706025,2.095642,2.095642,2.095642,2.095642,2.095642,2.095642,-6.5286520015848,-4.12276952199169,-6.837665109118,2.095642,-6.19777640369649,2.095642,-1.8698499425265,-1.43378788651058,-4.94005123669955,-0.679057722068814,2.095642,-0.962723073742465,2.095642,-3.48408354045539,-0.995241856951086,2.02681630364977,2.095642,2.095642,2.095642,-2.85583055090833,0.671255959158279,2.095642,2.095642,2.095642,2.095642,-1.26677866262495,2.095642,-8.91685783227227,-5.860723999126,0.258639216563385,2.095642,0.2628289151538,2.095642,-1.98594165564311,-3.68829634411848,2.095642,0.65424069922055,-7.12527115360808,2.095642,-3.75200906715759,0.0119885954991585,2.095642,1.11176049255467,-1.50255934302286,-3.04542910769879,2.095642,2.095642,-3.45801219018755,2.095642,-6.15814646292195,-2.62245928728612,-2.22243019428243,2.095642,2.095642,2.095642,-6.59362415182635,2.095642,2.095642,-5.43819710230053,2.095642,-3.82124837366986,-1.64997150523314,2.095642,-3.98376763013944,2.095642,-0.227297938579988,2.095642,-5.13795405576962,-7.96259829752664,-0.706027910291314,2.095642,2.095642,2.095642,-8.49728227784408,1.87689390937289,2.095642,1.76165694477588,-11.8303371676088,2.095642,2.095642,2.095642,0.612378224911625
-0.674501086856516,0.644847,-7.76203495994202,-4.24398333370139,0.644847,0.644847,0.644847,0.644847,-14.9615461022548,0.644847,0.644847,-1.06996733769541,0.644847,0.644847,0.644847,0.644847,0.644847,0.644847,-7.42558056455814,-4.78307903412263,-5.66413230242507,0.644847,-10.2060271908301,0.314441851601107,-3.13212472652098,-4.12191352083751,-1.27814577007323,0.644847,0.644847,-2.00478336522265,0.644847,-7.87876695127975,-2.61641425320501,-0.241825965603069,0.644847,0.236460586753624,0.644847,0.469703107257555,0.644847,0.644847,0.644847,0.644847,0.644847,-0.614407273210229,0.644847,-12.8368445910292,-2.62251904793736,-0.550566935174559,0.644847,0.644847,0.644847,-9.19445071863272,-2.24079912104084,0.644847,-1.20170432271731,-10.8333200177014,0.644847,-3.94537339769424,-2.87417796076025,0.644847,0.644847,-1.08811434198827,-3.01427596567369,0.644847,0.644847,-3.67545485724701,0.644847,-8.1017817199364,0.644847,-3.39420531695558,0.644847,0.644847,0.644847,-7.4192590122871,0.644847,0.644847,-5.73696787688002,-1.99963045236483,-8.23295749139183,-2.97272154127307,0.644847,-1.34329334602275,0.644847,0.644847,0.644847,-4.30298454962509,-7.42203815613704,-4.20511271346227,0.644847,0.644847,-0.500614644231753,-9.97574530859602,0.644847,0.644847,-3.49296015179365,-15.6610940173826,0.644847,0.644847,0.644847,-2.32437174111632
2.5e-09,2.5e-09,-8.91101637299865,-2.82293323633212,-0.929663359607056,-1.2098936522608,2.5e-09,2.5e-09,-14.5634994471707,2.5e-09,-2.77886259457021,-1.06074647297849,2.5e-09,-0.91310394618113,2.5e-09,2.5e-09,2.5e-09,-0.860749494739526,-7.95227127977767,-6.55515518170837,-6.50050291604814,2.5e-09,-8.22255992384612,-0.547355542927736,-1.03265930159912,-8.60599015580067,-1.66863591386481,2.5e-09,2.5e-09,-4.79364228084716,2.5e-09,-3.68825115286607,-5.02862262049652,2.5e-09,2.5e-09,2.5e-09,2.5e-09,-0.983245817144437,2.5e-09,2.5e-09,2.5e-09,2.5e-09,2.5e-09,-0.455228015702516,2.5e-09,-17.2544559597651,-0.406558787585668,-4.59812075583008,-4.7704472459996,2.5e-09,-1.84915643518054,-9.15499428520743,2.5e-09,2.5e-09,-2.43040187287221,-11.0921992465662,2.5e-09,-2.9285808586486,-5.42226639814673,2.5e-09,2.5e-09,-3.35772171944144,-5.45958827576348,-1.10787034795278,-1.83615419621444,-4.37909069541101,2.5e-09,-12.2027095601877,2.5e-09,-6.42893336093443,2.5e-09,2.5e-09,2.5e-09,-8.07757876329057,-5.8296186338518,2.5e-09,-6.0877306321604,-5.14283352099701,-5.7313159532888,-3.8172350329761,2.5e-09,-4.39144590368657,2.5e-09,2.5e-09,2.5e-09,-7.02221754895543,-7.52268453789471,-7.08116986818377,2.5e-09,2.5e-09,-5.88601932845294,-11.2364660113245,2.5e-09,2.5e-09,-4.80091406313845,-14.0156479169743,2.5e-09,2.5e-09,2.5e-09,-3.6029732566864
-0.769067192844187,2.5e-09,-8.29894399572774,-3.25393064567749,2.5e-09,-0.366713719463087,2.5e-09,-2.69763360379021,-13.682461515723,-0.407376190242552,-5.94244948668935,-1.0340897930096,2.5e-09,-4.07763337977213,2.5e-09,2.5e-09,2.5e-09,-2.55888315461002,-6.65714683750083,-8.55522125571479,-7.70621137201069,2.5e-09,-7.05416075548978,-2.32105059705975,2.5e-09,-7.01964891500906,-3.40953449377002,2.5e-09,-0.0788960202095012,-7.88285260543096,2.5e-09,-2.8577221753935,-8.5244016923651,2.5e-09,2.5e-09,2.5e-09,2.5e-09,-2.54925973668617,2.5e-09,2.5e-09,2.5e-09,2.5e-09,2.5e-09,-3.29341970352362,2.5e-09,-18.1114722396592,2.5e-09,-4.12450392659064,-7.04132083818246,2.5e-09,-2.25638740534948,-8.16307330610669,-1.62280520583467,-0.922618433917606,-4.9085013035205,-16.8409611580509,-2.80965672539666,-6.10470360690603,-4.09195744364253,2.5e-09,-1.98769963541464,-6.97168932443381,-6.75947487974958,-4.85169403017795,-0.786205959077241,-1.93288764344342,2.5e-09,-12.5513460164498,2.5e-09,-5.66633532322038,2.5e-09,2.5e-09,2.5e-09,-6.19780302497274,-8.89975201497893,-1.39447460456582,-5.38591266608242,-6.90680909866731,-3.4836622114255,-5.77146783137631,2.5e-09,-6.21063785053812,-1.53267175599231,2.5e-09,2.5e-09,-7.26167425084888,-6.49390036351049,-7.09306403807571,2.5e-09,2.5e-09,-9.51432883329442,-9.06028647193077,2.5e-09,2.5e-09,-4.9964787093256,-10.4600080205177,2.5e-09,2.5e-09,-2.11609822588807,-8.86207379943278
-7.50254196224078,-0.847120380622237,-12.3056104479619,-6.03182762518951,2.5e-09,-2.09515107353309,2.5e-09,-2.20334285043135,-11.5660259449139,-3.58415192185376,-7.48082170276091,-4.22938893160096,-0.385426084077076,-6.03660524473768,2.5e-09,2.5e-09,2.5e-09,-5.69317070540302,-4.26548910947526,-9.33784917247291,-9.4568025198245,2.5e-09,-6.73967584813288,-4.05933370032075,-0.874460635321901,-6.3630564647391,-3.55068880357221,2.5e-09,-4.24421104680396,-10.0037024184078,2.5e-09,-2.12722877414775,-14.2534172736409,-2.74799890429696,2.5e-09,-4.37138849580989,2.5e-09,-4.3392404557975,-1.63009920586922,2.5e-09,2.5e-09,2.5e-09,-1.21330257218471,-6.34134681215146,2.5e-09,-17.9170521990722,2.5e-09,-7.61801810228813,-10.6657179706069,-1.78049068735368,-6.00669722548691,-9.18956380609388,2.5e-09,-4.08880459368794,-13.0006620066763,-18.6116584048262,-8.26072182451032,-5.27688040440534,-5.8277070438657,-4.28981648752961,-3.07525614328928,-7.08645323382423,-5.82974425173906,-9.27962631183075,-5.01062615864071,-3.1750357782888,-0.881095348654932,-12.1789376516347,2.5e-09,-7.27003863406756,2.5e-09,2.5e-09,2.5e-09,-8.15819196244081,-11.3804432336293,-4.82106729832392,-3.02038859704565,-8.14565255873238,-4.75500260796562,-5.86264470201096,2.5e-09,-3.98811685409368,-3.63698316282463,-1.62930412921198,2.5e-09,-5.00938764018146,-6.91800785962684,-5.02966937523246,2.5e-09,2.5e-09,-14.0591473239509,-12.124268372283,2.5e-09,-0.359905161461008,-5.93728016204013,-8.59137131381479,2.5e-09,2.5e-09,-1.96945031380106,-12.0994350261164
-6.89328770613335,2.5e-09,-15.5816604541301,-9.38895469821103,2.5e-09,-2.07801702599201,2.5e-09,-1.82027159220404,-6.19061589482675,-7.78329620877812,-13.5198649182743,-5.89150826474146,-3.1174784937102,-10.6889381397649,2.5e-09,2.5e-09,2.5e-09,-4.50537699001369,-2.74318415023682,-9.62239926928672,-11.8667510583645,2.5e-09,-7.17063186837419,-1.97107896273078,-2.35322803627735,-8.15951337005611,-2.85764193459909,2.5e-09,-3.0886088053465,-7.31863927927741,2.5e-09,-2.86981264892383,-18.0822817910458,-7.14004066594037,-2.65455339994829,-6.25685951182296,2.5e-09,-2.00549782195795,-0.904395195066237,2.5e-09,2.5e-09,2.5e-09,-1.94490732760112,-9.49423673074352,-3.90994027844835,-19.7227908710338,-3.2319497404025,-13.2207825766372,-12.3800545013979,2.5e-09,-7.34260794796638,-7.2272312590996,2.5e-09,-4.99587966112324,-13.2091076446424,-16.1644420276627,-11.6123897982391,-7.19741329123177,-7.13303181405528,-6.67805810130497,-3.49294558573913,-12.3837389434276,-6.72851882585471,-10.0835204777571,-7.18068449842765,-6.10376371539121,-3.24949451921524,-13.2045957014699,2.5e-09,-9.90295185943871,-2.88257144818629,2.5e-09,2.5e-09,-11.9045906348758,-7.35812353787229,-8.49111318743595,2.5e-09,-14.7902272721523,-4.81677345449326,-3.51550655489474,-0.11604444049481,-2.18990183650327,-1.81808801050009,-1.12814002462004,2.5e-09,-4.21411737947502,-7.013917292513,-0.513323968840734,2.5e-09,2.5e-09,-21.4580290569278,-9.64909269036813,2.5e-09,-3.15460742720751,-6.27515918619425,-7.74675430156692,2.5e-09,2.5e-09,-5.01718872406121,-11.2694616490084
-3.06419048380239,2.5e-09,-13.553243638223,-6.71345605975202,2.5e-09,-1.48023722414701,-1.01060881997902,-1.95027059149727,-2.26667220718278,-5.76641774435037,-16.4091243555557,-4.30613838633801,-2.81661142131728,-9.01713641313041,2.5e-09,-0.0874624498377738,2.5e-09,-1.75090676764855,-2.08490228873626,-5.21507469379464,-8.97625717628244,2.5e-09,-4.54816666811025,2.5e-09,-1.03407855411369,-5.56228049704171,2.5e-09,2.5e-09,-3.73758476842679,-4.43881871937719,2.5e-09,-2.6641338596159,-14.8325821510055,-6.7524531014313,-3.20681641177526,-6.69132908251618,2.5e-09,2.5e-09,-0.867144605424171,2.5e-09,2.5e-09,2.5e-09,-1.71339824806547,-8.56459354033794,-5.41926413189791,-16.0146584876697,-3.14753342633495,-16.2225327783906,-11.0792344053013,2.5e-09,-4.43516711582939,-4.5596590053908,-0.546605050181188,-3.51821781411154,-13.0786513562582,-14.6129745851225,-13.2990608662456,-4.84118857687918,-5.05659274158898,-7.84808924138874,2.5e-09,-11.9803506503721,-5.19555546245056,-10.2439681981635,-6.0383716424661,-2.67758442264011,2.5e-09,-11.0624170215848,2.5e-09,-5.16294661878296,-4.95755848597714,2.5e-09,2.5e-09,-10.9707021503571,-3.51101561617559,-6.65071645279797,2.5e-09,-13.8199679419516,-2.22109953076524,-2.38176943388579,-1.03511571455912,-0.0336022535179821,2.5e-09,2.5e-09,-1.01283463132381,2.5e-09,-4.53790126870252,2.5e-09,2.5e-09,2.5e-09,-17.4068223553584,-8.13094262885397,2.5e-09,-5.99001549445442,-3.30455530480394,-4.71494363506373,2.5e-09,-0.314429190506684,-6.09451918618157,-7.69849602003993
